2025/11/26 21:43:06 Successfully loaded config from file: /home/franz/telex_be/app.env
2025/11/26 21:43:16 [INFO] Attempting to connect to RabbitMQ...
2025/11/26 21:43:16 [ERROR] Failed to connect to RabbitMQ server: failed to connect to RabbitMQ server: parse "amqp://<username>:<password>@<host>:<port>/<vhost>": invalid port ":<port>" after host. Retrying...
connected to Elastic DB  ✅✅✅✅✅ 
🔄🔄🔄 Attempting to connect to MongoDB...
⏳ Retrying MongoDB connection in 5s
[GIN-debug] [WARNING] Running in "debug" mode. Switch to "release" mode in production.
 - using env:	export GIN_MODE=release
 - using code:	gin.SetMode(gin.ReleaseMode)

[GIN-debug] POST   /api/v1/testimonials      --> github.com/hngprojects/telex_be/pkg/controller/testimonial.(*Controller).Create-fm (7 handlers)
[GIN-debug] GET    /api/v1/testimonials      --> github.com/hngprojects/telex_be/pkg/controller/testimonial.(*Controller).GetTestimonials-fm (6 handlers)
[GIN-debug] POST   /api/v1/api-status        --> github.com/hngprojects/telex_be/pkg/controller/apistatus.(*Controller).UpdateAPIStatus-fm (6 handlers)
[GIN-debug] GET    /api/v1/api-status        --> github.com/hngprojects/telex_be/pkg/controller/apistatus.(*Controller).GetAPIStatus-fm (6 handlers)
[GIN-debug] POST   /api/v1/newsletter        --> github.com/hngprojects/telex_be/pkg/controller/newsletter.(*Controller).SubscribeNewsLetter-fm (6 handlers)
[GIN-debug] POST   /api/v1/slack/organisations/:orgId/token-exchg --> github.com/hngprojects/telex_be/pkg/controller/slack.(*Controller).SlackOauth-fm (7 handlers)
[GIN-debug] GET    /api/v1/slack/organisations/:orgId --> github.com/hngprojects/telex_be/pkg/controller/slack.(*Controller).GetSlackAccessToken-fm (7 handlers)
[GIN-debug] GET    /api/v1/slack/channels    --> github.com/hngprojects/telex_be/pkg/controller/slack.(*Controller).GetSlackChannels-fm (7 handlers)
[GIN-debug] POST   /api/v1/organisation/{org_id}/channels/mapping --> github.com/hngprojects/telex_be/pkg/controller/slack.(*Controller).CreateTelexSlackChannelMapping-fm (7 handlers)
[GIN-debug] POST   /api/v1/contact           --> github.com/hngprojects/telex_be/pkg/controller/contact.(*Controller).AddToContactUs-fm (6 handlers)
[GIN-debug] POST   /api/v1/blogs             --> github.com/hngprojects/telex_be/pkg/controller/blog.(*Controller).CreateBlog-fm (8 handlers)
[GIN-debug] POST   /api/v1/blog_categories   --> github.com/hngprojects/telex_be/pkg/controller/blog.(*Controller).CreateBlogCategory-fm (8 handlers)
[GIN-debug] DELETE /api/v1/blogs/:id         --> github.com/hngprojects/telex_be/pkg/controller/blog.(*Controller).DeleteBlog-fm (8 handlers)
[GIN-debug] DELETE /api/v1/blog_categories/:id --> github.com/hngprojects/telex_be/pkg/controller/blog.(*Controller).DeleteBlogCategory-fm (8 handlers)
[GIN-debug] POST   /api/v1/blogs/feedback    --> github.com/hngprojects/telex_be/pkg/controller/blog.(*Controller).SubmitFeedback-fm (7 handlers)
[GIN-debug] GET    /api/v1/blogs             --> github.com/hngprojects/telex_be/pkg/controller/blog.(*Controller).GetBlogs-fm (6 handlers)
[GIN-debug] GET    /api/v1/blog_categories   --> github.com/hngprojects/telex_be/pkg/controller/blog.(*Controller).GetBlogCategories-fm (6 handlers)
[GIN-debug] GET    /api/v1/blog_categories/:id --> github.com/hngprojects/telex_be/pkg/controller/blog.(*Controller).GetBlogCategoryById-fm (6 handlers)
[GIN-debug] GET    /api/v1/blogs/:id         --> github.com/hngprojects/telex_be/pkg/controller/blog.(*Controller).GetBlogById-fm (6 handlers)
[GIN-debug] GET    /api/v1/blogs/:id/feedback/count --> github.com/hngprojects/telex_be/pkg/controller/blog.(*Controller).GetFeedbackCount-fm (6 handlers)
[GIN-debug] POST   /api/v1/files/upload-files --> github.com/hngprojects/telex_be/pkg/controller/fileManagement.(*Controller).UploadController-fm (7 handlers)
[GIN-debug] GET    /api/v1/files/file/:id    --> github.com/hngprojects/telex_be/pkg/controller/fileManagement.(*Controller).GetFileDetailsByID-fm (7 handlers)
[GIN-debug] DELETE /api/v1/files/file/:id    --> github.com/hngprojects/telex_be/pkg/controller/fileManagement.(*Controller).DeleteFileDetailsByID-fm (7 handlers)
[GIN-debug] PUT    /api/v1/files/file/:id    --> github.com/hngprojects/telex_be/pkg/controller/fileManagement.(*Controller).UpdateFileName-fm (7 handlers)
[GIN-debug] POST   /api/v1/health            --> github.com/hngprojects/telex_be/pkg/controller/health.(*Controller).Post-fm (8 handlers)
[GIN-debug] GET    /api/v1/health            --> github.com/hngprojects/telex_be/pkg/controller/health.(*Controller).Get-fm (8 handlers)
[GIN-debug] POST   /api/v1/auth/register     --> github.com/hngprojects/telex_be/pkg/controller/auth.(*Controller).RegisterUser-fm (6 handlers)
[GIN-debug] POST   /api/v1/auth/login        --> github.com/hngprojects/telex_be/pkg/controller/auth.(*Controller).LoginUser-fm (6 handlers)
[GIN-debug] POST   /api/v1/auth/password-reset --> github.com/hngprojects/telex_be/pkg/controller/auth.(*Controller).ResetPassword-fm (6 handlers)
[GIN-debug] POST   /api/v1/auth/password-reset/verify --> github.com/hngprojects/telex_be/pkg/controller/auth.(*Controller).VerifyResetToken-fm (6 handlers)
[GIN-debug] POST   /api/v1/auth/magick-link  --> github.com/hngprojects/telex_be/pkg/controller/auth.(*Controller).RequestMagicLink-fm (6 handlers)
[GIN-debug] POST   /api/v1/auth/magick-link/verify --> github.com/hngprojects/telex_be/pkg/controller/auth.(*Controller).VerifyMagicLink-fm (6 handlers)
[GIN-debug] POST   /api/v1/auth/email-request --> github.com/hngprojects/telex_be/pkg/controller/auth.(*Controller).VerifyEmailReq-fm (6 handlers)
[GIN-debug] POST   /api/v1/auth/email-request/verify --> github.com/hngprojects/telex_be/pkg/controller/auth.(*Controller).VerifyEmailToken-fm (6 handlers)
[GIN-debug] POST   /api/v1/auth/google       --> github.com/hngprojects/telex_be/pkg/controller/auth.(*Controller).GoogleLogin-fm (6 handlers)
[GIN-debug] POST   /api/v1/auth/logout       --> github.com/hngprojects/telex_be/pkg/controller/auth.(*Controller).LogoutUser-fm (7 handlers)
[GIN-debug] GET    /api/v1/auth/onboard-status --> github.com/hngprojects/telex_be/pkg/controller/auth.(*Controller).GetOnboardStatus-fm (7 handlers)
[GIN-debug] PUT    /api/v1/auth/change-password --> github.com/hngprojects/telex_be/pkg/controller/auth.(*Controller).ChangePassword-fm (7 handlers)
[GIN-debug] PUT    /api/v1/auth/onboard-status --> github.com/hngprojects/telex_be/pkg/controller/auth.(*Controller).UpdateOnboardStatus-fm (7 handlers)
[GIN-debug] POST   /api/v1/channels          --> github.com/hngprojects/telex_be/pkg/controller/channel.(*Controller).CreateChannel-fm (9 handlers)
[GIN-debug] POST   /api/v1/channels/backend-queue --> github.com/hngprojects/telex_be/pkg/controller/channel.(*Controller).SaveIncomingQueueMsg-fm (6 handlers)
[GIN-debug] POST   /api/v1/channels/:channelId/join --> github.com/hngprojects/telex_be/pkg/controller/channel.(*Controller).JoinChannels-fm (9 handlers)
[GIN-debug] POST   /api/v1/channels/:channelId/leave --> github.com/hngprojects/telex_be/pkg/controller/channel.(*Controller).LeaveChannels-fm (9 handlers)
[GIN-debug] POST   /api/v1/channels/add      --> github.com/hngprojects/telex_be/pkg/controller/channel.(*Controller).AddMembersToChannel-fm (9 handlers)
[GIN-debug] POST   /api/v1/channels/add-multiple --> github.com/hngprojects/telex_be/pkg/controller/channel.(*Controller).AddMultipleMembersToChannel-fm (9 handlers)
[GIN-debug] POST   /api/v1/channels/:channelId/integration-channels --> github.com/hngprojects/telex_be/pkg/controller/channel.(*Controller).AddIntegrationChannel-fm (9 handlers)
[GIN-debug] POST   /api/v1/channels/:channelId/notification-preference --> github.com/hngprojects/telex_be/pkg/controller/channel.(*Controller).UpdateDeviceNotification-fm (9 handlers)
[GIN-debug] PUT    /api/v1/channels/:channelId/messages --> github.com/hngprojects/telex_be/pkg/controller/channel.(*Controller).EditChannelsMsg-fm (9 handlers)
[GIN-debug] PUT    /api/v1/channels/:channelId/archive --> github.com/hngprojects/telex_be/pkg/controller/channel.(*Controller).ArchiveChannel-fm (9 handlers)
[GIN-debug] DELETE /api/v1/channels/:channelId/messages/:messageId --> github.com/hngprojects/telex_be/pkg/controller/channel.(*Controller).DeleteChannelsMsg-fm (9 handlers)
[GIN-debug] DELETE /api/v1/channels/:channelId --> github.com/hngprojects/telex_be/pkg/controller/channel.(*Controller).DeleteChannel-fm (9 handlers)
[GIN-debug] DELETE /api/v1/channels/:channelId/integration-channels --> github.com/hngprojects/telex_be/pkg/controller/channel.(*Controller).DeleteChannelIntegration-fm (9 handlers)
[GIN-debug] GET    /api/v1/channels/:channelId/messages --> github.com/hngprojects/telex_be/pkg/controller/channel.(*Controller).GetChannelsMsg-fm (9 handlers)
[GIN-debug] GET    /api/v1/channels/name/:channelName --> github.com/hngprojects/telex_be/pkg/controller/channel.(*Controller).GetChannelsByName-fm (9 handlers)
[GIN-debug] GET    /api/v1/channels/:channelId --> github.com/hngprojects/telex_be/pkg/controller/channel.(*Controller).GetChannel-fm (9 handlers)
[GIN-debug] GET    /api/v1/channels/:channelId/user-exist --> github.com/hngprojects/telex_be/pkg/controller/channel.(*Controller).CheckUser-fm (9 handlers)
[GIN-debug] GET    /api/v1/channels/:channelId/num-users --> github.com/hngprojects/telex_be/pkg/controller/channel.(*Controller).CountChannelsUsers-fm (9 handlers)
[GIN-debug] GET    /api/v1/channels/search/:channelName --> github.com/hngprojects/telex_be/pkg/controller/channel.(*Controller).SearchChannelsByNames-fm (9 handlers)
[GIN-debug] GET    /api/v1/channels/:channelId/users --> github.com/hngprojects/telex_be/pkg/controller/channel.(*Controller).GetUsersInChannel-fm (9 handlers)
[GIN-debug] GET    /api/v1/channels/:channelId/integration-channels/:IntModId --> github.com/hngprojects/telex_be/pkg/controller/channel.(*Controller).GetIntegrationChannels-fm (9 handlers)
[GIN-debug] GET    /api/v1/channels/:channelId/notification-preference --> github.com/hngprojects/telex_be/pkg/controller/channel.(*Controller).GetChannelNotificationPref-fm (9 handlers)
[GIN-debug] PATCH  /api/v1/channels/:channelId/username --> github.com/hngprojects/telex_be/pkg/controller/channel.(*Controller).UpdateUsername-fm (9 handlers)
[GIN-debug] PATCH  /api/v1/channels/:channelId --> github.com/hngprojects/telex_be/pkg/controller/channel.(*Controller).UpdateChannels-fm (9 handlers)
[GIN-debug] GET    /api/v1/token/connection  --> github.com/hngprojects/telex_be/pkg/controller/token.(*Controller).GetConnToken-fm (8 handlers)
[GIN-debug] POST   /api/v1/token/subscription --> github.com/hngprojects/telex_be/pkg/controller/token.(*Controller).GetSubToken-fm (8 handlers)
[GIN-debug] GET    /api/v1/centrifugo/connection --> github.com/hngprojects/telex_be/pkg/controller/token.(*Controller).GetConnTokenUnAuth-fm (7 handlers)
[GIN-debug] POST   /api/v1/centrifugo/subscription --> github.com/hngprojects/telex_be/pkg/controller/token.(*Controller).GetSubTokenUnAuth-fm (7 handlers)
[GIN-debug] POST   /api/v1/organisations     --> github.com/hngprojects/telex_be/pkg/controller/organisation.(*Controller).CreateOrganisation-fm (7 handlers)
[GIN-debug] GET    /api/v1/organisations/:org_id --> github.com/hngprojects/telex_be/pkg/controller/organisation.(*Controller).GetOrganisation-fm (7 handlers)
[GIN-debug] DELETE /api/v1/organisations/:org_id --> github.com/hngprojects/telex_be/pkg/controller/organisation.(*Controller).DeleteOrganisation-fm (7 handlers)
[GIN-debug] PUT    /api/v1/organisations/:org_id --> github.com/hngprojects/telex_be/pkg/controller/organisation.(*Controller).UpdateOrganisation-fm (7 handlers)
[GIN-debug] POST   /api/v1/organisations/:org_id/roles --> github.com/hngprojects/telex_be/pkg/controller/organisation.(*Controller).CreateOrgRole-fm (7 handlers)
[GIN-debug] GET    /api/v1/organisations/:org_id/roles --> github.com/hngprojects/telex_be/pkg/controller/organisation.(*Controller).GetOrgRoles-fm (7 handlers)
[GIN-debug] GET    /api/v1/organisations/:org_id/roles/:role_id --> github.com/hngprojects/telex_be/pkg/controller/organisation.(*Controller).GetAOrgRole-fm (7 handlers)
[GIN-debug] DELETE /api/v1/organisations/:org_id/roles/:role_id --> github.com/hngprojects/telex_be/pkg/controller/organisation.(*Controller).DeleteOrgRole-fm (7 handlers)
[GIN-debug] PUT    /api/v1/organisations/:org_id/roles/:role_id --> github.com/hngprojects/telex_be/pkg/controller/organisation.(*Controller).UpdateOrgRole-fm (7 handlers)
[GIN-debug] PUT    /api/v1/organisations/:org_id/roles/:role_id/permissions --> github.com/hngprojects/telex_be/pkg/controller/organisation.(*Controller).UpdateOrgPermissions-fm (7 handlers)
[GIN-debug] GET    /api/v1/organisations/:org_id/channels --> github.com/hngprojects/telex_be/pkg/controller/organisation.(*Controller).GetAllChannelssInOrganisation-fm (7 handlers)
[GIN-debug] GET    /api/v1/organisations/:org_id/user-channels --> github.com/hngprojects/telex_be/pkg/controller/channel.(*Controller).GetUserChannels-fm (7 handlers)
[GIN-debug] GET    /api/v1/organisations/:org_id/user-not-channels --> github.com/hngprojects/telex_be/pkg/controller/channel.(*Controller).GetUserNotInChannels-fm (7 handlers)
[GIN-debug] GET    /api/v1/organisations/:org_id/channels/archived --> github.com/hngprojects/telex_be/pkg/controller/channel.(*Controller).GetArchivedChannels-fm (7 handlers)
[GIN-debug] PUT    /api/v1/organisations/:org_id/archive-channel --> github.com/hngprojects/telex_be/pkg/controller/channel.(*Controller).ArchiveChannel-fm (7 handlers)
[GIN-debug] GET    /api/v1/organisations/:org_id/users --> github.com/hngprojects/telex_be/pkg/controller/organisation.(*Controller).GetUsersBotsInOrganisation-fm (7 handlers)
[GIN-debug] GET    /api/v1/organisations/:org_id/users/search --> github.com/hngprojects/telex_be/pkg/controller/organisation.(*Controller).SearchUsersInOrganisation-fm (7 handlers)
[GIN-debug] POST   /api/v1/organisations/:org_id/users --> github.com/hngprojects/telex_be/pkg/controller/organisation.(*Controller).AddMemberToOrganisation-fm (7 handlers)
[GIN-debug] PUT    /api/v1/organisations/:org_id/users/:user_id --> github.com/hngprojects/telex_be/pkg/controller/organisation.(*Controller).UpdateMember-fm (7 handlers)
[GIN-debug] PATCH  /api/v1/organisations/:org_id/users/:user_id/status --> github.com/hngprojects/telex_be/pkg/controller/organisation.(*Controller).ChangeMemberActiveStatus-fm (7 handlers)
[GIN-debug] DELETE /api/v1/organisations/:org_id/users/:user_id --> github.com/hngprojects/telex_be/pkg/controller/organisation.(*Controller).RemoveMemberFromOrganisation-fm (7 handlers)
[GIN-debug] PATCH  /api/v1/organisations/:org_id/users/:user_id/role --> github.com/hngprojects/telex_be/pkg/controller/organisation.(*Controller).UpdateMemberRole-fm (7 handlers)
[GIN-debug] GET    /api/v1/organisations/:org_id/metrics --> github.com/hngprojects/telex_be/pkg/controller/organisation.(*Controller).GetOrganisationCountMetrics-fm (7 handlers)
[GIN-debug] GET    /api/v1/organisations/:org_id/invites --> github.com/hngprojects/telex_be/pkg/controller/organisation.(*Controller).GetOrganisationInvites-fm (7 handlers)
[GIN-debug] GET    /api/v1/organisations/:org_id/notification-preference --> github.com/hngprojects/telex_be/pkg/controller/organisation.(*Controller).GetChannelNotificationPref-fm (7 handlers)
[GIN-debug] POST   /api/v1/organisations/:org_id/notification-preference --> github.com/hngprojects/telex_be/pkg/controller/organisation.(*Controller).UpdateDeviceNotification-fm (7 handlers)
[GIN-debug] GET    /api/v1/organisations/:org_id/fetch-bots --> github.com/hngprojects/telex_be/pkg/controller/agents.(*Controller).FetchActiveOrganisationAgents-fm (7 handlers)
[GIN-debug] GET    /api/v1/organisations/:org_id/get-started --> github.com/hngprojects/telex_be/pkg/controller/organisation.(*Controller).GetStarted-fm (7 handlers)
[GIN-debug] GET    /api/v1/organisations/:org_id/channels/notification-preference --> github.com/hngprojects/telex_be/pkg/controller/channel.(*Controller).GetUserChannelsNotificationPrefs-fm (7 handlers)
[GIN-debug] POST   /api/v1/organisations/pin --> github.com/hngprojects/telex_be/pkg/controller/organisation.(*Controller).CreateUserPinnedOrganisation-fm (7 handlers)
[GIN-debug] GET    /api/v1/organisations/pin --> github.com/hngprojects/telex_be/pkg/controller/organisation.(*Controller).GetUserPinnedOrganisations-fm (7 handlers)
[GIN-debug] DELETE /api/v1/organisations/pin/:org_id --> github.com/hngprojects/telex_be/pkg/controller/organisation.(*Controller).UnpinOrganisation-fm (7 handlers)
[GIN-debug] GET    /api/v1/organisations/:org_id/load-org-info --> github.com/hngprojects/telex_be/pkg/controller/organisation.(*Controller).GetLoadingMetrics-fm (6 handlers)
[GIN-debug] GET    /api/v1/backoffice/organisations/all --> github.com/hngprojects/telex_be/pkg/controller/organisation.(*Controller).GetAllOrganisations-fm (7 handlers)
[GIN-debug] GET    /api/v1/users/:user_id    --> github.com/hngprojects/telex_be/pkg/controller/user.(*Controller).GetAUser-fm (7 handlers)
[GIN-debug] DELETE /api/v1/users/:user_id    --> github.com/hngprojects/telex_be/pkg/controller/user.(*Controller).DeleteAUser-fm (7 handlers)
[GIN-debug] GET    /api/v1/users/organisations --> github.com/hngprojects/telex_be/pkg/controller/user.(*Controller).GetAUserOrganisation-fm (7 handlers)
[GIN-debug] GET    /api/v1/users/:user_id/login-audit --> github.com/hngprojects/telex_be/pkg/controller/user.(*Controller).GetUserLoginAudit-fm (8 handlers)
[GIN-debug] GET    /api/v1/users/:user_id/sessions --> github.com/hngprojects/telex_be/pkg/controller/user.(*Controller).GetUserSessions-fm (8 handlers)
[GIN-debug] GET    /api/v1/users/notification-preferences --> github.com/hngprojects/telex_be/pkg/controller/user.(*Controller).GetUserNotificationSettings-fm (7 handlers)
[GIN-debug] PUT    /api/v1/users/:user_id    --> github.com/hngprojects/telex_be/pkg/controller/user.(*Controller).UpdateAUser-fm (8 handlers)
[GIN-debug] PUT    /api/v1/users/revoke-session --> github.com/hngprojects/telex_be/pkg/controller/user.(*Controller).RevokeUserAccessToken-fm (8 handlers)
[GIN-debug] PUT    /api/v1/users/switch-org  --> github.com/hngprojects/telex_be/pkg/controller/user.(*Controller).SwitchUserOrg-fm (8 handlers)
[GIN-debug] PUT    /api/v1/users/switch-roles --> github.com/hngprojects/telex_be/pkg/controller/user.(*Controller).AssignRoleToUser-fm (8 handlers)
[GIN-debug] PUT    /api/v1/users/reactivate/:user_id --> github.com/hngprojects/telex_be/pkg/controller/user.(*Controller).ActivateUser-fm (7 handlers)
[GIN-debug] PUT    /api/v1/users/notification-preferences --> github.com/hngprojects/telex_be/pkg/controller/user.(*Controller).UpdateUserNotificationSettings-fm (7 handlers)
[GIN-debug] DELETE /api/v1/users/deactivate/:user_id --> github.com/hngprojects/telex_be/pkg/controller/user.(*Controller).DeactiveUser-fm (8 handlers)
[GIN-debug] GET    /api/v1/users/:user_id/organisations/:org_id/roles --> github.com/hngprojects/telex_be/pkg/controller/user.(*Controller).GetUserRoleInOrganisation-fm (7 handlers)
[GIN-debug] GET    /api/v1/users/me          --> github.com/hngprojects/telex_be/pkg/controller/auth.(*Controller).FetchUser-fm (7 handlers)
[GIN-debug] GET    /api/v1/users             --> github.com/hngprojects/telex_be/pkg/controller/user.(*Controller).GetAllUsers-fm (7 handlers)
[GIN-debug] POST   /api/v1/credits/purchase  --> github.com/hngprojects/telex_be/pkg/controller/credits.(*Controller).PurchaseCredits-fm (7 handlers)
[GIN-debug] GET    /api/v1/credits/packages  --> github.com/hngprojects/telex_be/pkg/controller/credits.(*Controller).GetCreditPackages-fm (7 handlers)
[GIN-debug] GET    /api/v1/credits/usage-report/:org_id --> github.com/hngprojects/telex_be/pkg/controller/credits.(*Controller).GetOrgCreditReport-fm (7 handlers)
[GIN-debug] GET    /api/v1/credits/transactions/:org_id --> github.com/hngprojects/telex_be/pkg/controller/credits.(*Controller).GetOrgCreditTransactions-fm (7 handlers)
[GIN-debug] GET    /api/v1/credits/usage/:org_id --> github.com/hngprojects/telex_be/pkg/controller/credits.(*Controller).GetOrgCreditUsage-fm (7 handlers)
[GIN-debug] GET    /api/v1/backoffice/credits/usage --> github.com/hngprojects/telex_be/pkg/controller/credits.(*Controller).GetAllCreditUsage-fm (7 handlers)
[GIN-debug] POST   /api/v1/invite            --> github.com/hngprojects/telex_be/pkg/controller/invitation.(*Controller).OrganisationInviteMany-fm (7 handlers)
[GIN-debug] POST   /api/v1/invite/invite-few --> github.com/hngprojects/telex_be/pkg/controller/invitation.(*Controller).OrganisationInviteFew-fm (7 handlers)
[GIN-debug] POST   /api/v1/invite/verify     --> github.com/hngprojects/telex_be/pkg/controller/invitation.(*Controller).OrganisationVerifyInvite-fm (6 handlers)
[GIN-debug] POST   /api/v1/invite/resend     --> github.com/hngprojects/telex_be/pkg/controller/invitation.(*Controller).ResendInvitation-fm (7 handlers)
[GIN-debug] POST   /api/v1/invite/general    --> github.com/hngprojects/telex_be/pkg/controller/invitation.(*Controller).GeneralInvitationCreate-fm (7 handlers)
[GIN-debug] POST   /api/v1/invite/general/verify --> github.com/hngprojects/telex_be/pkg/controller/invitation.(*Controller).GeneralInvitationVerify-fm (7 handlers)
[GIN-debug] POST   /api/v1/invite/general/change-status --> github.com/hngprojects/telex_be/pkg/controller/invitation.(*Controller).ChangeGeneralInviteStatus-fm (7 handlers)
[GIN-debug] POST   /api/v1/invite/admin-resend --> github.com/hngprojects/telex_be/pkg/controller/invitation.(*Controller).AdminResend-fm (6 handlers)
[GIN-debug] DELETE /api/v1/invite/:invite_id --> github.com/hngprojects/telex_be/pkg/controller/invitation.(*Controller).CancelInvitation-fm (7 handlers)
[GIN-debug] GET    /api/v1/webhooks/:channel_id/history/:webhook_id --> github.com/hngprojects/telex_be/pkg/controller/webhook.(*Controller).GetWebhookHistory-fm (9 handlers)
[GIN-debug] GET    /api/v1/webhooks/:channel_id/all --> github.com/hngprojects/telex_be/pkg/controller/webhook.(*Controller).GetAllWebhook-fm (9 handlers)
[GIN-debug] GET    /api/v1/webhooks/:channel_id --> github.com/hngprojects/telex_be/pkg/controller/webhook.(*Controller).GetChannelWebhook-fm (9 handlers)
[GIN-debug] POST   /api/v1/webhooks/:channel_id --> github.com/hngprojects/telex_be/pkg/controller/webhook.(*Controller).CreateWebhook-fm (9 handlers)
[GIN-debug] DELETE /api/v1/webhooks/:channel_id/:webhook_id --> github.com/hngprojects/telex_be/pkg/controller/webhook.(*Controller).DeleteWebhook-fm (9 handlers)
[GIN-debug] PUT    /api/v1/webhooks/:channel_id/:webhook_id --> github.com/hngprojects/telex_be/pkg/controller/webhook.(*Controller).UpdateWebhook-fm (9 handlers)
[GIN-debug] PUT    /api/v1/webhooks/:channel_id/:webhook_id/change-status --> github.com/hngprojects/telex_be/pkg/controller/webhook.(*Controller).ChangeWebhookStatus-fm (9 handlers)
[GIN-debug] GET    /api/v1/webhooks/feed/:webhook_slug --> github.com/hngprojects/telex_be/pkg/controller/webhook.(*Controller).GetSlugWebhook-fm (6 handlers)
[GIN-debug] POST   /api/v1/webhooks/feed/:webhook_slug --> github.com/hngprojects/telex_be/pkg/controller/webhook.(*Controller).PostSlugWebhook-fm (6 handlers)
[GIN-debug] GET    /v1/webhooks/:webhook_slug --> github.com/hngprojects/telex_be/pkg/controller/webhook.(*Controller).GetSlugWebhookQueue-fm (6 handlers)
[GIN-debug] POST   /v1/webhooks/:webhook_slug --> github.com/hngprojects/telex_be/pkg/controller/webhook.(*Controller).PostSlugWebhookQueue-fm (6 handlers)
[GIN-debug] GET    /v1/webhooks/:webhook_slug/return --> github.com/hngprojects/telex_be/pkg/controller/webhook.(*Controller).GetSlugWebhook-fm (6 handlers)
[GIN-debug] POST   /v1/webhooks/:webhook_slug/return --> github.com/hngprojects/telex_be/pkg/controller/webhook.(*Controller).PostSlugWebhook-fm (6 handlers)
[GIN-debug] POST   /api/v1/profile/change-status --> github.com/hngprojects/telex_be/pkg/controller/profile.(*Controller).ChangeProfileStatus-fm (7 handlers)
[GIN-debug] GET    /api/v1/profile           --> github.com/hngprojects/telex_be/pkg/controller/profile.(*Controller).GetUserProfile-fm (7 handlers)
[GIN-debug] GET    /api/v1/profile/:user_id  --> github.com/hngprojects/telex_be/pkg/controller/profile.(*Controller).GetUserProfile-fm (7 handlers)
[GIN-debug] PATCH  /api/v1/profile           --> github.com/hngprojects/telex_be/pkg/controller/profile.(*Controller).UpdateProfile-fm (8 handlers)
[GIN-debug] DELETE /api/v1/profile/image     --> github.com/hngprojects/telex_be/pkg/controller/profile.(*Controller).DeleteUserProfileImage-fm (7 handlers)
[GIN-debug] GET    /api/v1/threads/organisations/:org_id --> github.com/hngprojects/telex_be/pkg/controller/thread.(*Controller).GetAllUserOrgThreads-fm (7 handlers)
[GIN-debug] GET    /api/v1/threads/channels/:channel_id/threads --> github.com/hngprojects/telex_be/pkg/controller/thread.(*Controller).GetChannelThreads-fm (7 handlers)
[GIN-debug] GET    /api/v1/threads/channels/:channel_id --> github.com/hngprojects/telex_be/pkg/controller/thread.(*Controller).GetAllChannelThreads-fm (7 handlers)
[GIN-debug] GET    /api/v1/threads/:thread_id/channels/:channel_id --> github.com/hngprojects/telex_be/pkg/controller/thread.(*Controller).GetUserSingleThreads-fm (7 handlers)
[GIN-debug] PUT    /api/v1/threads/:thread_id/channels/:channel_id --> github.com/hngprojects/telex_be/pkg/controller/thread.(*Controller).UpdateThreadMessage-fm (7 handlers)
[GIN-debug] DELETE /api/v1/threads/:thread_id/channels/:channel_id --> github.com/hngprojects/telex_be/pkg/controller/thread.(*Controller).DeleteAThread-fm (7 handlers)
[GIN-debug] POST   /api/v1/threads/:channel_id --> github.com/hngprojects/telex_be/pkg/controller/thread.(*Controller).AddAThread-fm (7 handlers)
[GIN-debug] POST   /api/v1/channels/:channelId/messages --> github.com/hngprojects/telex_be/pkg/controller/channel.(*Controller).ReplyThreadMessage-fm (9 handlers)
[GIN-debug] GET    /api/v1/threads/channels/:channel_id/:searching --> github.com/hngprojects/telex_be/pkg/controller/thread.(*Controller).SearchChannel-fm (7 handlers)
[GIN-debug] GET    /api/v1/threads/organisations/:org_id/metrics --> github.com/hngprojects/telex_be/pkg/controller/thread.(*Controller).GetChannelCountInfo-fm (7 handlers)
[GIN-debug] POST   /api/v1/subscriptions/create --> github.com/hngprojects/telex_be/pkg/controller/subscriptions.(*Controller).CreateSubscription-fm (7 handlers)
[GIN-debug] GET    /api/v1/subscriptions/current/:org_id --> github.com/hngprojects/telex_be/pkg/controller/subscriptions.(*Controller).GetCurrentSubscription-fm (7 handlers)
[GIN-debug] GET    /api/v1/subscriptions/list/:org_id --> github.com/hngprojects/telex_be/pkg/controller/subscriptions.(*Controller).GetSubscriptions-fm (7 handlers)
[GIN-debug] PUT    /api/v1/subscriptions/modify --> github.com/hngprojects/telex_be/pkg/controller/subscriptions.(*Controller).ModifySubscription-fm (7 handlers)
[GIN-debug] DELETE /api/v1/subscriptions/:org_id --> github.com/hngprojects/telex_be/pkg/controller/subscriptions.(*Controller).DeleteSubscription-fm (7 handlers)
[GIN-debug] POST   /api/v1/subscriptions/complete --> github.com/hngprojects/telex_be/pkg/controller/subscriptions.(*Controller).CompleteSubscription-fm (7 handlers)
[GIN-debug] GET    /api/v1/subscriptions/invoice/download/:session_id/:org_id --> github.com/hngprojects/telex_be/pkg/controller/subscriptions.(*Controller).DownloadInvoice-fm (7 handlers)
[GIN-debug] POST   /api/v1/subscriptions/webhook --> github.com/hngprojects/telex_be/pkg/controller/subscriptions.(*Controller).HandleStripeWebhook-fm (6 handlers)
[GIN-debug] GET    /api/v1/subscriptions/plans --> github.com/hngprojects/telex_be/pkg/controller/subscriptions.(*Controller).GetSubscriptionPlans-fm (6 handlers)
[GIN-debug] POST   /api/v1/webhooks/feed/backend-queue --> github.com/hngprojects/telex_be/pkg/controller/webhook.(*Controller).PostFeedWebhookQueue-fm (6 handlers)
[GIN-debug] POST   /api/v1/webhooks/feed/backend-queue/return --> github.com/hngprojects/telex_be/pkg/controller/webhook.(*Controller).PostFeedWebhook-fm (6 handlers)
[GIN-debug] POST   /v1/webhooks/backend-queue --> github.com/hngprojects/telex_be/pkg/controller/webhook.(*Controller).PostFeedWebhookQueue-fm (6 handlers)
[GIN-debug] POST   /v1/webhooks/backend-queue/return --> github.com/hngprojects/telex_be/pkg/controller/webhook.(*Controller).PostFeedWebhook-fm (6 handlers)
[GIN-debug] POST   /v1/webhooks/backend-queue/return-msg --> github.com/hngprojects/telex_be/pkg/controller/webhook.(*Controller).PostFeedMessage-fm (6 handlers)
[GIN-debug] POST   /api/v1/help-center/categories --> github.com/hngprojects/telex_be/pkg/controller/helpcenter.(*Controller).CreateHelpCenterCategory-fm (7 handlers)
[GIN-debug] POST   /api/v1/help-center/articles/:category-id --> github.com/hngprojects/telex_be/pkg/controller/helpcenter.(*Controller).CreateHelpCenterArticle-fm (7 handlers)
[GIN-debug] GET    /api/v1/help-center/categories --> github.com/hngprojects/telex_be/pkg/controller/helpcenter.(*Controller).GetAllCategories-fm (6 handlers)
[GIN-debug] GET    /api/v1/help-center/articles/categories/:category-id --> github.com/hngprojects/telex_be/pkg/controller/helpcenter.(*Controller).GetArticlesByCategoryID-fm (6 handlers)
[GIN-debug] GET    /api/v1/help-center/articles/search --> github.com/hngprojects/telex_be/pkg/controller/helpcenter.(*Controller).SearchHelpCenterArticles-fm (6 handlers)
[GIN-debug] GET    /api/v1/help-center/articles/:id --> github.com/hngprojects/telex_be/pkg/controller/helpcenter.(*Controller).GetArticleByID-fm (6 handlers)
[GIN-debug] POST   /api/v1/optin             --> github.com/hngprojects/telex_be/pkg/controller/optIn.(*Controller).CreateOptInRecord-fm (6 handlers)
[GIN-debug] GET    /api/v1/dms/channels/:channel_id/threads --> github.com/hngprojects/telex_be/pkg/controller/thread.(*Controller).GetAllChannelThreads-fm (7 handlers)
[GIN-debug] GET    /api/v1/dms/thread/:thread_id/channels/:channel_id --> github.com/hngprojects/telex_be/pkg/controller/thread.(*Controller).GetUserSingleThreads-fm (7 handlers)
[GIN-debug] PUT    /api/v1/dms/thread/:thread_id/channels/:channel_id --> github.com/hngprojects/telex_be/pkg/controller/thread.(*Controller).UpdateThreadMessage-fm (7 handlers)
[GIN-debug] DELETE /api/v1/dms/thread/:thread_id/channels/:channel_id --> github.com/hngprojects/telex_be/pkg/controller/thread.(*Controller).DeleteAThread-fm (7 handlers)
[GIN-debug] POST   /api/v1/dms/channels/:channel_id/threads --> github.com/hngprojects/telex_be/pkg/controller/directMessage.(*Controller).AddAThreadDm-fm (7 handlers)
[GIN-debug] POST   /api/v1/dms/messages/:channelId --> github.com/hngprojects/telex_be/pkg/controller/directMessage.(*Controller).ReplyThreadDm-fm (7 handlers)
[GIN-debug] PUT    /api/v1/dms/messages/:channelId --> github.com/hngprojects/telex_be/pkg/controller/directMessage.(*Controller).EditThreadDm-fm (7 handlers)
[GIN-debug] DELETE /api/v1/dms/channels/:channelId/messages/:messageId --> github.com/hngprojects/telex_be/pkg/controller/channel.(*Controller).DeleteChannelsMsg-fm (7 handlers)
[GIN-debug] POST   /api/v1/dms/bot-dm-response --> github.com/hngprojects/telex_be/pkg/controller/directMessage.(*Controller).BotDMResponse-fm (7 handlers)
[GIN-debug] POST   /api/v1/dms/:channel_id   --> github.com/hngprojects/telex_be/pkg/controller/directMessage.(*Controller).AddAThreadDmFromMarketPlace-fm (7 handlers)
[GIN-debug] GET    /api/v1/dms/setup         --> github.com/hngprojects/telex_be/pkg/controller/directMessage.(*Controller).SetupChatSession-fm (7 handlers)
[GIN-debug] POST   /api/v1/organisations/:org_id/dms --> github.com/hngprojects/telex_be/pkg/controller/directMessage.(*Controller).CreateDmChannel-fm (7 handlers)
[GIN-debug] DELETE /api/v1/organisations/:org_id/dms/:channel_id --> github.com/hngprojects/telex_be/pkg/controller/directMessage.(*Controller).DeleteDmChannel-fm (7 handlers)
[GIN-debug] GET    /api/v1/organisations/:org_id/dms --> github.com/hngprojects/telex_be/pkg/controller/directMessage.(*Controller).GetDmChannels-fm (7 handlers)
[GIN-debug] GET    /api/v1/organisations/:org_id/dms/participants/:channel_id --> github.com/hngprojects/telex_be/pkg/controller/directMessage.(*Controller).GetDmParticipants-fm (7 handlers)
[GIN-debug] GET    /api/v1/organisations/:org_id/recent-dm --> github.com/hngprojects/telex_be/pkg/controller/dm_filter.(*Controller).DmFilter-fm (7 handlers)
[GIN-debug] GET    /api/v1/group-dms/channels/:channel_id/threads --> github.com/hngprojects/telex_be/pkg/controller/thread.(*Controller).GetAllChannelThreads-fm (7 handlers)
[GIN-debug] GET    /api/v1/group-dms/thread/:thread_id/channels/:channel_id --> github.com/hngprojects/telex_be/pkg/controller/thread.(*Controller).GetUserSingleThreads-fm (7 handlers)
[GIN-debug] PUT    /api/v1/group-dms/thread/:thread_id/channels/:channel_id --> github.com/hngprojects/telex_be/pkg/controller/thread.(*Controller).UpdateThreadMessage-fm (7 handlers)
[GIN-debug] DELETE /api/v1/group-dms/thread/:thread_id/channels/:channel_id --> github.com/hngprojects/telex_be/pkg/controller/thread.(*Controller).DeleteAThread-fm (7 handlers)
[GIN-debug] POST   /api/v1/group-dms/channels/:channel_id/threads --> github.com/hngprojects/telex_be/pkg/controller/directMessage.(*Controller).AddAGroupThreadDM-fm (7 handlers)
[GIN-debug] POST   /api/v1/group-dms/messages/:channelId --> github.com/hngprojects/telex_be/pkg/controller/directMessage.(*Controller).ReplyGroupChannelsMsg-fm (7 handlers)
[GIN-debug] PUT    /api/v1/group-dms/messages/:channelId --> github.com/hngprojects/telex_be/pkg/controller/directMessage.(*Controller).EditGroupChannelsMsg-fm (7 handlers)
[GIN-debug] DELETE /api/v1/group-dms/channels/:channelId/messages/:messageId --> github.com/hngprojects/telex_be/pkg/controller/channel.(*Controller).DeleteChannelsMsg-fm (7 handlers)
[GIN-debug] POST   /api/v1/organisations/:org_id/group-dms --> github.com/hngprojects/telex_be/pkg/controller/directMessage.(*Controller).CreateGroupDMChannel-fm (7 handlers)
[GIN-debug] DELETE /api/v1/organisations/:org_id/group-dms/:channel_id --> github.com/hngprojects/telex_be/pkg/controller/directMessage.(*Controller).LeaveGroupDMChannel-fm (7 handlers)
[GIN-debug] GET    /api/v1/organisations/:org_id/group-dms --> github.com/hngprojects/telex_be/pkg/controller/directMessage.(*Controller).GetGroupDMChannels-fm (7 handlers)
[GIN-debug] GET    /api/v1/organisations/:org_id/group-dms/:user_id --> github.com/hngprojects/telex_be/pkg/controller/directMessage.(*Controller).GetUserGroupDMs-fm (7 handlers)
[GIN-debug] GET    /api/v1/organisations/:org_id/groups --> github.com/hngprojects/telex_be/pkg/controller/group.(*Controller).GetGroups-fm (7 handlers)
[GIN-debug] GET    /api/v1/organisations/:org_id/groups/:group_id --> github.com/hngprojects/telex_be/pkg/controller/group.(*Controller).GetGroup-fm (7 handlers)
[GIN-debug] POST   /api/v1/organisations/:org_id/groups --> github.com/hngprojects/telex_be/pkg/controller/group.(*Controller).CreateGroup-fm (7 handlers)
[GIN-debug] PATCH  /api/v1/organisations/:org_id/groups/:group_id --> github.com/hngprojects/telex_be/pkg/controller/group.(*Controller).UpdateGroup-fm (7 handlers)
[GIN-debug] DELETE /api/v1/organisations/:org_id/groups/:group_id --> github.com/hngprojects/telex_be/pkg/controller/group.(*Controller).DeleteGroup-fm (7 handlers)
[GIN-debug] GET    /api/v1/organisations/:org_id/groups/:group_id/channels --> github.com/hngprojects/telex_be/pkg/controller/group.(*Controller).GetGroupChannels-fm (7 handlers)
[GIN-debug] GET    /api/v1/organisations/:org_id/groups/channels/no-group --> github.com/hngprojects/telex_be/pkg/controller/group.(*Controller).GetChannelsNotInGroup-fm (7 handlers)
[GIN-debug] GET    /api/v1/organisations/:org_id/groups/channels/user-no-group --> github.com/hngprojects/telex_be/pkg/controller/group.(*Controller).GetDiscoverableChannels-fm (7 handlers)
[GIN-debug] POST   /api/v1/organisations/:org_id/groups/:group_id/channels/:channel_id --> github.com/hngprojects/telex_be/pkg/controller/group.(*Controller).AssignGroupChannel-fm (7 handlers)
[GIN-debug] DELETE /api/v1/organisations/:org_id/groups/:group_id/channels/:channel_id --> github.com/hngprojects/telex_be/pkg/controller/group.(*Controller).RemoveGroupChannel-fm (7 handlers)
[GIN-debug] PATCH  /api/v1/organisations/:org_id/groups/:group_id/channels/:channel_id --> github.com/hngprojects/telex_be/pkg/controller/group.(*Controller).MoveGroupChannel-fm (7 handlers)
[GIN-debug] GET    /api/v1/backoffice/admins --> github.com/hngprojects/telex_be/pkg/controller/admin.(*Controller).ListAdmins-fm (7 handlers)
[GIN-debug] DELETE /api/v1/backoffice/admins/:admin_id --> github.com/hngprojects/telex_be/pkg/controller/admin.(*Controller).DeleteAdmin-fm (7 handlers)
[GIN-debug] POST   /api/v1/backoffice/admins --> github.com/hngprojects/telex_be/pkg/controller/admin.(*Controller).CreateAdmin-fm (7 handlers)
[GIN-debug] POST   /api/v1/backoffice/login  --> github.com/hngprojects/telex_be/pkg/controller/admin.(*Controller).LoginAdmin-fm (6 handlers)
[GIN-debug] POST   /api/v1/huddles/create    --> github.com/hngprojects/telex_be/pkg/controller/huddle.(*Controller).Create-fm (8 handlers)
[GIN-debug] POST   /api/v1/huddles/{id}/reaction --> github.com/hngprojects/telex_be/pkg/controller/huddle.(*Controller).SendEmoji-fm (8 handlers)
[GIN-debug] POST   /api/v1/huddles/{id}/gif  --> github.com/hngprojects/telex_be/pkg/controller/huddle.(*Controller).SendGif-fm (8 handlers)
[GIN-debug] POST   /api/v1/huddles/:id/notes --> github.com/hngprojects/telex_be/pkg/controller/huddle.(*Controller).CreateNote-fm (8 handlers)
[GIN-debug] GET    /api/v1/huddles/:id/notes --> github.com/hngprojects/telex_be/pkg/controller/huddle.(*Controller).GetNotes-fm (8 handlers)
[GIN-debug] PATCH  /api/v1/huddles/:id/notes/:note_id --> github.com/hngprojects/telex_be/pkg/controller/huddle.(*Controller).UpdateNote-fm (8 handlers)
[GIN-debug] PATCH  /api/v1/huddles/:id/camera --> github.com/hngprojects/telex_be/pkg/controller/huddle.(*Controller).UpdateCamera-fm (8 handlers)
[GIN-debug] POST   /api/v1/waitlist          --> github.com/hngprojects/telex_be/pkg/controller/waitlist.(*Controller).SubscribeWaitListLetter-fm (6 handlers)
[GIN-debug] GET    /api/v1/search/organisation/:orgId/ --> github.com/hngprojects/telex_be/pkg/controller/search.(*Controller).Search-fm (7 handlers)
[GIN-debug] GET    /api/v1/organisations/:org_id/agents/system --> github.com/hngprojects/telex_be/pkg/controller/agents.(*Controller).GetAllAgentApp-fm (7 handlers)
[GIN-debug] PATCH  /api/v1/organisations/:org_id/agents/system/:agent_id --> github.com/hngprojects/telex_be/pkg/controller/agents.(*Controller).UpdateAgentApp-fm (7 handlers)
[GIN-debug] DELETE /api/v1/organisations/:org_id/agents/system/:agent_id --> github.com/hngprojects/telex_be/pkg/controller/agents.(*Controller).DeleteAgentApp-fm (7 handlers)
[GIN-debug] PATCH  /api/v1/organisations/:org_id/agents/change_status --> github.com/hngprojects/telex_be/pkg/controller/agents.(*Controller).ChangeAgentStatus-fm (7 handlers)
[GIN-debug] PATCH  /api/v1/organisations/:org_id/agents/:agent_id/updatejson --> github.com/hngprojects/telex_be/pkg/controller/agents.(*Controller).UpdateJSONSchema-fm (7 handlers)
[GIN-debug] GET    /api/v1/organisations/:org_id/agents/output --> github.com/hngprojects/telex_be/pkg/controller/agents.(*Controller).FetchOutputAgents-fm (7 handlers)
[GIN-debug] POST   /api/v1/organisations/:org_id/agents --> github.com/hngprojects/telex_be/pkg/controller/agents.(*Controller).CreateCustomAgent-fm (7 handlers)
[GIN-debug] GET    /api/v1/organisations/:org_id/agents --> github.com/hngprojects/telex_be/pkg/controller/agents.(*Controller).FetchOrganisationAgents-fm (7 handlers)
[GIN-debug] PUT    /api/v1/organisations/:org_id/agents/:agent_id --> github.com/hngprojects/telex_be/pkg/controller/agents.(*Controller).UpdateCustomAgent-fm (7 handlers)
[GIN-debug] GET    /api/v1/organisations/:org_id/agents/:agent_id --> github.com/hngprojects/telex_be/pkg/controller/agents.(*Controller).FetchCustomAgent-fm (7 handlers)
[GIN-debug] DELETE /api/v1/organisations/:org_id/agents/:agent_id --> github.com/hngprojects/telex_be/pkg/controller/agents.(*Controller).DeleteCustomAgentApp-fm (7 handlers)
[GIN-debug] GET    /api/v1/organisations/:org_id/agents/:agent_id/settings --> github.com/hngprojects/telex_be/pkg/controller/agents.(*Controller).GetCustomAgentSettings-fm (7 handlers)
[GIN-debug] GET    /api/v1/organisations/:org_id/agents/:agent_id/status --> github.com/hngprojects/telex_be/pkg/controller/agents.(*Controller).GetCustomAgentStatus-fm (7 handlers)
[GIN-debug] PUT    /api/v1/organisations/:org_id/agents/:agent_id/settings --> github.com/hngprojects/telex_be/pkg/controller/agents.(*Controller).UpdateCustomAgentSettings-fm (7 handlers)
[GIN-debug] GET    /api/v1/organisations/:org_id/channels/:channel_id/agents --> github.com/hngprojects/telex_be/pkg/controller/agents.(*Controller).GetOrganisationChannelAgents-fm (7 handlers)
[GIN-debug] PATCH  /api/v1/organisations/:org_id/channels/:channel_id/agents/change-sendback-status --> github.com/hngprojects/telex_be/pkg/controller/agents.(*Controller).ChangeOrgChannelIntSendBackStatus-fm (7 handlers)
[GIN-debug] POST   /api/v1/organisations/:org_id/agents/:agent_id/channels/:channel_id --> github.com/hngprojects/telex_be/pkg/controller/agents.(*Controller).ActivateDeactivateChannelAgent-fm (7 handlers)
[GIN-debug] GET    /api/v1/organisations/:org_id/agents/:agent_id/channels --> github.com/hngprojects/telex_be/pkg/controller/agents.(*Controller).AgentChannels-fm (7 handlers)
[GIN-debug] GET    /api/v1/organisations/:org_id/channels/agents/:agent_id/status --> github.com/hngprojects/telex_be/pkg/controller/agents.(*Controller).CheckAgentIsActive-fm (7 handlers)
[GIN-debug] POST   /api/v1/organisations/:org_id/agents/:agent_id/settings --> github.com/hngprojects/telex_be/pkg/controller/agents.(*Controller).AddAgentSetting-fm (7 handlers)
[GIN-debug] GET    /api/v1/organisations/:org_id/settings/agents/:agent_id --> github.com/hngprojects/telex_be/pkg/controller/agents.(*Controller).GetAgentSettings-fm (7 handlers)
[GIN-debug] GET    /api/v1/organisations/:org_id/agents/:agent_id/agent-api-key --> github.com/hngprojects/telex_be/pkg/controller/agents.(*Controller).GetAgentSettings-fm (7 handlers)
[GIN-debug] PATCH  /api/v1/organisations/:org_id/agents/:agent_id/settings/:setting_id --> github.com/hngprojects/telex_be/pkg/controller/agents.(*Controller).UpdateAgentSetting-fm (7 handlers)
[GIN-debug] POST   /api/v1/organisations/:org_id/agents/:agent_id/channels/:channel_id/settings --> github.com/hngprojects/telex_be/pkg/controller/agents.(*Controller).AddChannelAgentSetting-fm (7 handlers)
[GIN-debug] GET    /api/v1/organisations/:org_id/agents/:agent_id/channels/:channel_id/settings --> github.com/hngprojects/telex_be/pkg/controller/agents.(*Controller).GetChannelAgentSetting-fm (7 handlers)
[GIN-debug] PATCH  /api/v1/organisations/:org_id/agents/:agent_id/channels/:channel_id/settings/:setting_id --> github.com/hngprojects/telex_be/pkg/controller/agents.(*Controller).UpdateChannelAgentSetting-fm (7 handlers)
[GIN-debug] DELETE /api/v1/organisations/:org_id/agents/:agent_id/channels/:channel_id/settings/:setting_id --> github.com/hngprojects/telex_be/pkg/controller/agents.(*Controller).DeleteChannelAgentSetting-fm (7 handlers)
[GIN-debug] POST   /api/v1/organisations/:org_id/agents/:agent_id/slash-commands --> github.com/hngprojects/telex_be/pkg/controller/agents.(*Controller).AddAgentSlashCommand-fm (7 handlers)
[GIN-debug] GET    /api/v1/organisations/:org_id/agents/:agent_id/slash-commands --> github.com/hngprojects/telex_be/pkg/controller/agents.(*Controller).GetAgentSlashCommands-fm (7 handlers)
[GIN-debug] PATCH  /api/v1/organisations/:org_id/agents/:agent_id/slash-commands/:command_id --> github.com/hngprojects/telex_be/pkg/controller/agents.(*Controller).UpdateAgentSlashCommand-fm (7 handlers)
[GIN-debug] DELETE /api/v1/organisations/:org_id/agents/:agent_id/slash-commands/:command_id --> github.com/hngprojects/telex_be/pkg/controller/agents.(*Controller).DeleteAgentSlashCommand-fm (7 handlers)
[GIN-debug] GET    /api/v1/agents/:agent_id/settings --> github.com/hngprojects/telex_be/pkg/controller/agents.(*Controller).GetAgentSettingsAllOrgs-fm (7 handlers)
[GIN-debug] POST   /api/v1/agents/:agent_id/publish --> github.com/hngprojects/telex_be/pkg/controller/agents.(*Controller).PublishAgentApp-fm (7 handlers)
[GIN-debug] POST   /api/v1/agents/:agent_id/generate-info --> github.com/hngprojects/telex_be/pkg/controller/agents.(*Controller).GenerateAgentInfo-fm (7 handlers)
[GIN-debug] GET    /api/v1/agents/me         --> github.com/hngprojects/telex_be/pkg/controller/agents.(*Controller).GetAgentsByOwner-fm (7 handlers)
[GIN-debug] GET    /api/v1/agents/:agent_id/activated-organizations --> github.com/hngprojects/telex_be/pkg/controller/agents.(*Controller).GetActivatedOrganizations-fm (7 handlers)
[GIN-debug] POST   /api/v1/agents/trigger-tick --> github.com/hngprojects/telex_be/pkg/controller/agents.(*Controller).TriggerTick-fm (7 handlers)
[GIN-debug] GET    /api/v1/agents/:agent_id/prompts --> github.com/hngprojects/telex_be/pkg/controller/agents.(*Controller).FetchCustomAgentPrompt-fm (7 handlers)
[GIN-debug] PATCH  /api/v1/agents/:agent_id/prompts/:prompt_id --> github.com/hngprojects/telex_be/pkg/controller/agents.(*Controller).UpdateAgentPrompt-fm (7 handlers)
[GIN-debug] POST   /api/v1/agents/:agent_id/prompts --> github.com/hngprojects/telex_be/pkg/controller/agents.(*Controller).CreateAgentPrompt-fm (7 handlers)
[GIN-debug] DELETE /api/v1/agents/:agent_id/prompts/:prompt_id --> github.com/hngprojects/telex_be/pkg/controller/agents.(*Controller).DeleteAgentPrompt-fm (7 handlers)
[GIN-debug] POST   /api/v1/backoffice/agents/system --> github.com/hngprojects/telex_be/pkg/controller/agents.(*Controller).CreateSystemAgent-fm (7 handlers)
[GIN-debug] GET    /api/v1/backoffice/agents/all --> github.com/hngprojects/telex_be/pkg/controller/agents.(*Controller).GetAllCustomAgent-fm (7 handlers)
[GIN-debug] GET    /api/v1/backoffice/agents/bills --> github.com/hngprojects/telex_be/pkg/controller/agents.(*Controller).GetAgentBills-fm (7 handlers)
[GIN-debug] PUT    /api/v1/backoffice/agents/:agent_id --> github.com/hngprojects/telex_be/pkg/controller/agents.(*Controller).AdminUpdateAgent-fm (7 handlers)
[GIN-debug] GET    /api/v1/backoffice/agents/bills/:org_id --> github.com/hngprojects/telex_be/pkg/controller/agents.(*Controller).GetOrgAgentBills-fm (7 handlers)
[GIN-debug] GET    /api/v1/backoffice/agents/:source/:agent_id --> github.com/hngprojects/telex_be/pkg/controller/agents.(*Controller).GetCustomAgentByID-fm (7 handlers)
[GIN-debug] GET    /api/v1/backoffice/agents/metrics --> github.com/hngprojects/telex_be/pkg/controller/agents.(*Controller).GetCustomAgentMetrics-fm (7 handlers)
[GIN-debug] DELETE /api/v1/backoffice/agents/:agent_id --> github.com/hngprojects/telex_be/pkg/controller/agents.(*Controller).AdminDeleteCustomAgentApp-fm (7 handlers)
[GIN-debug] DELETE /api/v1/backoffice/agents/system/:agent_id --> github.com/hngprojects/telex_be/pkg/controller/agents.(*Controller).AdminDeleteSystemAgentApp-fm (7 handlers)
[GIN-debug] GET    /api/v1/agents            --> github.com/hngprojects/telex_be/pkg/controller/agents.(*Controller).GetSystemAgentApps-fm (6 handlers)
[GIN-debug] GET    /api/v1/agents/callback   --> github.com/hngprojects/telex_be/pkg/controller/agents.(*Controller).AgentCallback-fm (6 handlers)
[GIN-debug] GET    /api/v1/agents/:agent_id  --> github.com/hngprojects/telex_be/pkg/controller/agents.(*Controller).GetSystemAgentApp-fm (6 handlers)
[GIN-debug] GET    /api/v1/agents/search     --> github.com/hngprojects/telex_be/pkg/controller/agents.(*Controller).SearchAgents-fm (6 handlers)
[GIN-debug] GET    /api/v1/marketplace/agent/categories --> github.com/hngprojects/telex_be/pkg/controller/agents.(*Controller).GetAgentCategories-fm (6 handlers)
[GIN-debug] GET    /api/v1/marketplace/skill/categories --> github.com/hngprojects/telex_be/pkg/controller/agents.(*Controller).GetSkillCategories-fm (6 handlers)
[GIN-debug] GET    /api/v1/marketplace/workflow/categories --> github.com/hngprojects/telex_be/pkg/controller/agents.(*Controller).GetWorkflowCategories-fm (6 handlers)
[GIN-debug] GET    /api/v1/agents/settings   --> github.com/hngprojects/telex_be/pkg/controller/agents.(*Controller).GetCustomAgentSettingsExteranl-fm (6 handlers)
[GIN-debug] PUT    /api/v1/agents/settings   --> github.com/hngprojects/telex_be/pkg/controller/agents.(*Controller).UpdateCustomAgentSettingsExternal-fm (6 handlers)
[GIN-debug] POST   /api/v1/agent_db/collections --> github.com/hngprojects/telex_be/pkg/controller/mongogrations.(*Controller).CreateCollection-fm (7 handlers)
[GIN-debug] POST   /api/v1/agent_db/collections/:collection_name/documents --> github.com/hngprojects/telex_be/pkg/controller/mongogrations.(*Controller).CreateDocument-fm (7 handlers)
[GIN-debug] GET    /api/v1/agent_db/collections/:collection_name/documents --> github.com/hngprojects/telex_be/pkg/controller/mongogrations.(*Controller).GetAllDocuments-fm (7 handlers)
[GIN-debug] GET    /api/v1/agent_db/collections/:collection_name/documents/:document_id --> github.com/hngprojects/telex_be/pkg/controller/mongogrations.(*Controller).GetDocument-fm (7 handlers)
[GIN-debug] PUT    /api/v1/agent_db/collections/:collection_name/documents/:document_id --> github.com/hngprojects/telex_be/pkg/controller/mongogrations.(*Controller).UpdateDocument-fm (7 handlers)
[GIN-debug] DELETE /api/v1/agent_db/collections/:collection_name/documents/:document_id --> github.com/hngprojects/telex_be/pkg/controller/mongogrations.(*Controller).DeleteDocument-fm (7 handlers)
[GIN-debug] GET    /api/v1/organisation/:org_id/agents/:agent_id/get-api-key --> github.com/hngprojects/telex_be/pkg/controller/mongogrations.(*Controller).FetchAPIKey-fm (7 handlers)
[GIN-debug] POST   /api/v1/fcmtoken          --> github.com/hngprojects/telex_be/pkg/controller/fcmTokens.(*Controller).CreateFcmToken-fm (7 handlers)
[GIN-debug] POST   /api/v1/wnstoken          --> github.com/hngprojects/telex_be/pkg/controller/fcmTokens.(*Controller).CreateWnsToken-fm (7 handlers)
[GIN-debug] POST   /api/v1/webpush           --> github.com/hngprojects/telex_be/pkg/controller/fcmTokens.(*Controller).CreateWebPushToken-fm (7 handlers)
[GIN-debug] POST   /api/v1/telexai/restful/chat --> github.com/hngprojects/telex_be/pkg/controller/telexai.(*Controller).RespondToChat-fm (7 handlers)
[GIN-debug] GET    /api/v1/telexai/models    --> github.com/hngprojects/telex_be/pkg/controller/telexai.(*Controller).ListModels-fm (7 handlers)
[GIN-debug] GET    /api/v1/telexai/models/tools --> github.com/hngprojects/telex_be/pkg/controller/telexai.(*Controller).ListToolsModels-fm (7 handlers)
[GIN-debug] GET    /api/v1/telexai/chat/completions --> github.com/hngprojects/telex_be/pkg/controller/telexai.(*Controller).ProxyToOpenRouter-fm (7 handlers)
[GIN-debug] POST   /api/v1/telexai/chat/completions --> github.com/hngprojects/telex_be/pkg/controller/telexai.(*Controller).ProxyToOpenRouter-fm (7 handlers)
[GIN-debug] PUT    /api/v1/telexai/chat/completions --> github.com/hngprojects/telex_be/pkg/controller/telexai.(*Controller).ProxyToOpenRouter-fm (7 handlers)
[GIN-debug] PATCH  /api/v1/telexai/chat/completions --> github.com/hngprojects/telex_be/pkg/controller/telexai.(*Controller).ProxyToOpenRouter-fm (7 handlers)
[GIN-debug] HEAD   /api/v1/telexai/chat/completions --> github.com/hngprojects/telex_be/pkg/controller/telexai.(*Controller).ProxyToOpenRouter-fm (7 handlers)
[GIN-debug] OPTIONS /api/v1/telexai/chat/completions --> github.com/hngprojects/telex_be/pkg/controller/telexai.(*Controller).ProxyToOpenRouter-fm (7 handlers)
[GIN-debug] DELETE /api/v1/telexai/chat/completions --> github.com/hngprojects/telex_be/pkg/controller/telexai.(*Controller).ProxyToOpenRouter-fm (7 handlers)
[GIN-debug] CONNECT /api/v1/telexai/chat/completions --> github.com/hngprojects/telex_be/pkg/controller/telexai.(*Controller).ProxyToOpenRouter-fm (7 handlers)
[GIN-debug] TRACE  /api/v1/telexai/chat/completions --> github.com/hngprojects/telex_be/pkg/controller/telexai.(*Controller).ProxyToOpenRouter-fm (7 handlers)
[GIN-debug] GET    /api/v1/logs              --> github.com/hngprojects/telex_be/pkg/controller/recentLogs.(*Controller).GetTailLogs-fm (6 handlers)
[GIN-debug] POST   /api/v1/organisations/:org_id/thread/save --> github.com/hngprojects/telex_be/pkg/controller/savedMessages.(*Controller).SaveThreadForLater-fm (7 handlers)
[GIN-debug] POST   /api/v1/organisations/:org_id/message/save --> github.com/hngprojects/telex_be/pkg/controller/savedMessages.(*Controller).SaveReplyMessageForLater-fm (7 handlers)
[GIN-debug] GET    /api/v1/organisations/:org_id/saved/message --> github.com/hngprojects/telex_be/pkg/controller/savedMessages.(*Controller).GetAllSavedMessages-fm (7 handlers)
[GIN-debug] DELETE /api/v1/organisations/:org_id/saved/message/:smId --> github.com/hngprojects/telex_be/pkg/controller/savedMessages.(*Controller).DeleteSavedMessageByID-fm (7 handlers)
[GIN-debug] PUT    /api/v1/organisations/:org_id/set-remainder --> github.com/hngprojects/telex_be/pkg/controller/savedMessages.(*Controller).SetRemainder-fm (7 handlers)
[GIN-debug] PUT    /api/v1/organisations/:org_id/archive-saved/:smId --> github.com/hngprojects/telex_be/pkg/controller/savedMessages.(*Controller).ArchiveSavedMessage-fm (7 handlers)
[GIN-debug] PUT    /api/v1/organisations/:org_id/mark-complete/:smId --> github.com/hngprojects/telex_be/pkg/controller/savedMessages.(*Controller).MarkCompleteSavedMessage-fm (7 handlers)
[GIN-debug] GET    /api/v1/organisations/:org_id/saved/completed --> github.com/hngprojects/telex_be/pkg/controller/savedMessages.(*Controller).GetCompletedSavedMessages-fm (7 handlers)
[GIN-debug] GET    /api/v1/organisations/:org_id/saved/archived --> github.com/hngprojects/telex_be/pkg/controller/savedMessages.(*Controller).GetArchivedSavedMessages-fm (7 handlers)
[GIN-debug] POST   /api/v1/channels/pin/:channel_id/thread --> github.com/hngprojects/telex_be/pkg/controller/pinnedmessages.(*Controller).PinThreadMessage-fm (7 handlers)
[GIN-debug] POST   /api/v1/channels/pin/:channel_id/message --> github.com/hngprojects/telex_be/pkg/controller/pinnedmessages.(*Controller).PinReplyMessage-fm (7 handlers)
[GIN-debug] GET    /api/v1/channels/pin/:channel_id --> github.com/hngprojects/telex_be/pkg/controller/pinnedmessages.(*Controller).GetAllPinnedMessages-fm (7 handlers)
[GIN-debug] DELETE /api/v1/channels/pin/:channel_id/thread/:threadId --> github.com/hngprojects/telex_be/pkg/controller/pinnedmessages.(*Controller).UnPinThreadMessage-fm (7 handlers)
[GIN-debug] DELETE /api/v1/channels/pin/:channel_id/message/:messageId --> github.com/hngprojects/telex_be/pkg/controller/pinnedmessages.(*Controller).UnPinReplyMessage-fm (7 handlers)
[GIN-debug] POST   /api/v1/reactions/:channel_id --> github.com/hngprojects/telex_be/pkg/controller/reactions.(*Controller).CreateReaction-fm (7 handlers)
[GIN-debug] GET    /api/v1/reactions/:reaction_id/thread/:thread_id --> github.com/hngprojects/telex_be/pkg/controller/reactions.(*Controller).GetThreadReactions-fm (7 handlers)
[GIN-debug] GET    /api/v1/reactions/:reaction_id/reply/:message_id --> github.com/hngprojects/telex_be/pkg/controller/reactions.(*Controller).GetReplyReactions-fm (7 handlers)
[GIN-debug] DELETE /api/v1/reactions/:reaction_id/thread/:thread_id --> github.com/hngprojects/telex_be/pkg/controller/reactions.(*Controller).DeleteThreadReactions-fm (7 handlers)
[GIN-debug] DELETE /api/v1/reactions/:reaction_id/reply/:message_id --> github.com/hngprojects/telex_be/pkg/controller/reactions.(*Controller).DeleteReplyReactions-fm (7 handlers)
[GIN-debug] POST   /api/v1/organisations/:org_id/workflows --> github.com/hngprojects/telex_be/pkg/controller/workflow.(*Controller).CreateWorkflow-fm (7 handlers)
[GIN-debug] GET    /api/v1/organisations/:org_id/workflows --> github.com/hngprojects/telex_be/pkg/controller/workflow.(*Controller).GetAllWorkflowsByOrg-fm (7 handlers)
[GIN-debug] GET    /api/v1/organisations/:org_id/workflows/:workflow_id --> github.com/hngprojects/telex_be/pkg/controller/workflow.(*Controller).GetWorkflowByID-fm (7 handlers)
[GIN-debug] PUT    /api/v1/organisations/:org_id/workflows/:workflow_id --> github.com/hngprojects/telex_be/pkg/controller/workflow.(*Controller).UpdateWorkflow-fm (7 handlers)
[GIN-debug] DELETE /api/v1/organisations/:org_id/workflows/:workflow_id --> github.com/hngprojects/telex_be/pkg/controller/workflow.(*Controller).DeleteWorkflow-fm (7 handlers)
[GIN-debug] POST   /api/v1/agents/:agent_id/workflows --> github.com/hngprojects/telex_be/pkg/controller/workflow.(*Controller).CreateAgentWorkflow-fm (7 handlers)
[GIN-debug] GET    /api/v1/agents/:agent_id/workflows --> github.com/hngprojects/telex_be/pkg/controller/workflow.(*Controller).ListAgentWorkflows-fm (7 handlers)
[GIN-debug] GET    /api/v1/agents/:agent_id/workflows/:workflow_id --> github.com/hngprojects/telex_be/pkg/controller/workflow.(*Controller).GetAgentWorkflowByID-fm (7 handlers)
[GIN-debug] PUT    /api/v1/agents/:agent_id/workflows/:workflow_id --> github.com/hngprojects/telex_be/pkg/controller/workflow.(*Controller).UpdateAgentWorkflow-fm (7 handlers)
[GIN-debug] DELETE /api/v1/agents/:agent_id/workflows/:workflow_id --> github.com/hngprojects/telex_be/pkg/controller/workflow.(*Controller).DeleteAgentWorkflow-fm (7 handlers)
[GIN-debug] POST   /api/v1/channel-workflows --> github.com/hngprojects/telex_be/pkg/controller/workflow.(*Controller).AddWorkflowToChannel-fm (7 handlers)
[GIN-debug] DELETE /api/v1/channel-workflows/:workflow_id/channels/:channel_id --> github.com/hngprojects/telex_be/pkg/controller/workflow.(*Controller).RemoveWorkflowFromChannel-fm (7 handlers)
[GIN-debug] GET    /api/v1/channel-workflows/organisations/:org_id/channels/:channel_id --> github.com/hngprojects/telex_be/pkg/controller/workflow.(*Controller).GetChannelWorkflows-fm (7 handlers)
[GIN-debug] GET    /api/v1/workflows/:workflow_id --> github.com/hngprojects/telex_be/pkg/controller/workflow.(*Controller).GetGeneralMarketPlaceWorkflowByID-fm (6 handlers)
[GIN-debug] GET    /api/v1/workflows/agents/:agent_id --> github.com/hngprojects/telex_be/pkg/controller/workflow.(*Controller).ListGeneralAgentWorkflows-fm (6 handlers)
[GIN-debug] GET    /api/v1/workflows/        --> github.com/hngprojects/telex_be/pkg/controller/workflow.(*Controller).GetGeneralMarketWorkflows-fm (6 handlers)
[GIN-debug] GET    /api/v1/workflows/search  --> github.com/hngprojects/telex_be/pkg/controller/workflow.(*Controller).SearchWorkflows-fm (6 handlers)
[GIN-debug] PUT    /api/v1/workflows/:workflow_id/nodes/:node_id --> github.com/hngprojects/telex_be/pkg/controller/workflow.(*Controller).UpdateWorkflowNode-fm (7 handlers)
[GIN-debug] POST   /api/v1/credentials       --> github.com/hngprojects/telex_be/pkg/controller/credentials.(*Controller).CreateCredential-fm (7 handlers)
[GIN-debug] GET    /api/v1/credentials/skill/:skill_id --> github.com/hngprojects/telex_be/pkg/controller/credentials.(*Controller).GetSkillCredentials-fm (7 handlers)
[GIN-debug] GET    /api/v1/credentials/:credential_id --> github.com/hngprojects/telex_be/pkg/controller/credentials.(*Controller).GetCredentialByID-fm (7 handlers)
[GIN-debug] POST   /api/v1/channels/:channelId/thread/forward --> github.com/hngprojects/telex_be/pkg/controller/forwardedMessage.(*Controller).ForwardThreadMessage-fm (7 handlers)
[GIN-debug] POST   /api/v1/channels/:channelId/message/forward --> github.com/hngprojects/telex_be/pkg/controller/forwardedMessage.(*Controller).ForwardReplyMessage-fm (7 handlers)
[GIN-debug] GET    /api/v1/skills/agents/:agents_id --> github.com/hngprojects/telex_be/pkg/controller/agents.(*Controller).GetAgentSkills-fm (7 handlers)
[GIN-debug] GET    /api/v1/skills/:skill_id/agents/:agents_id --> github.com/hngprojects/telex_be/pkg/controller/agents.(*Controller).GetAgentSkillByID-fm (7 handlers)
[GIN-debug] PUT    /api/v1/skills/:skill_id/agents/:agents_id --> github.com/hngprojects/telex_be/pkg/controller/agents.(*Controller).UpdateAgentSkill-fm (7 handlers)
[GIN-debug] POST   /api/v1/skills/agents/:agents_id --> github.com/hngprojects/telex_be/pkg/controller/agents.(*Controller).AddSkillsToAgent-fm (7 handlers)
[GIN-debug] POST   /api/v1/skills            --> github.com/hngprojects/telex_be/pkg/controller/agents.(*Controller).CreateAgentSkill-fm (7 handlers)
[GIN-debug] DELETE /api/v1/skills/:skill_id/agents/:agents_id --> github.com/hngprojects/telex_be/pkg/controller/agents.(*Controller).DeleteAgentSkill-fm (7 handlers)
[GIN-debug] GET    /api/v1/skills/:skill_id/credential/config/:credential_name --> github.com/hngprojects/telex_be/pkg/controller/agents.(*Controller).GetCredentialForSkill-fm (7 handlers)
[GIN-debug] GET    /api/v1/skills            --> github.com/hngprojects/telex_be/pkg/controller/agents.(*Controller).GetGeneralAgentSkill-fm (6 handlers)
[GIN-debug] GET    /api/v1/skills/general/:skill_id --> github.com/hngprojects/telex_be/pkg/controller/agents.(*Controller).GetGeneralAgentSkillByID-fm (6 handlers)
[GIN-debug] GET    /api/v1/skills/general/agents/:agents_id --> github.com/hngprojects/telex_be/pkg/controller/agents.(*Controller).GetGeneralAgentSkillByAgentID-fm (6 handlers)
[GIN-debug] GET    /api/v1/skills/search     --> github.com/hngprojects/telex_be/pkg/controller/agents.(*Controller).SearchSkills-fm (6 handlers)
[GIN-debug] POST   /api/v1/tasks/:agent_id   --> github.com/hngprojects/telex_be/pkg/controller/agents.(*Controller).CreateAgentTasks-fm (7 handlers)
[GIN-debug] GET    /api/v1/tasks/:agent_id   --> github.com/hngprojects/telex_be/pkg/controller/agents.(*Controller).GetAgentTasks-fm (7 handlers)
[GIN-debug] PUT    /api/v1/tasks/:task_id/agents/:agent_id --> github.com/hngprojects/telex_be/pkg/controller/agents.(*Controller).UpdateAgentTasks-fm (7 handlers)
[GIN-debug] DELETE /api/v1/tasks/:task_id/agents/:agent_id --> github.com/hngprojects/telex_be/pkg/controller/agents.(*Controller).DeleteAgentTasks-fm (7 handlers)
[GIN-debug] GET    /api/v1/tasks/:agent_id/process --> github.com/hngprojects/telex_be/pkg/controller/agents.(*Controller).ProcessAgentTasks-fm (7 handlers)
[GIN-debug] GET    /static/*filepath         --> github.com/gin-gonic/gin.(*RouterGroup).createStaticHandler.func1 (6 handlers)
[GIN-debug] HEAD   /static/*filepath         --> github.com/gin-gonic/gin.(*RouterGroup).createStaticHandler.func1 (6 handlers)
[GIN-debug] POST   /api/v1/prompts/          --> github.com/hngprojects/telex_be/pkg/controller/translator.(*Controller).CreatePrompt-fm (6 handlers)
[GIN-debug] GET    /api/v1/prompts/          --> github.com/hngprojects/telex_be/pkg/controller/translator.(*Controller).GetPrompts-fm (6 handlers)
[GIN-debug] GET    /api/v1/prompts/:prompt_name --> github.com/hngprojects/telex_be/pkg/controller/translator.(*Controller).GetPrompt-fm (6 handlers)
[GIN-debug] GET    /api/v1/prompts/steps     --> github.com/hngprojects/telex_be/pkg/controller/translator.(*Controller).FetchUniqueSteps-fm (6 handlers)
[GIN-debug] GET    /                         --> github.com/hngprojects/telex_be/pkg/router.Setup.func1 (6 handlers)
[GIN-debug] GET    /swagger.yaml             --> github.com/hngprojects/telex_be/pkg/router.Setup.(*RouterGroup).StaticFile.func7 (6 handlers)
[GIN-debug] HEAD   /swagger.yaml             --> github.com/hngprojects/telex_be/pkg/router.Setup.(*RouterGroup).StaticFile.func7 (6 handlers)
[GIN-debug] GET    /api/docs/*any            --> github.com/hngprojects/telex_be/pkg/router.Setup.func3 (6 handlers)
[GIN-debug] GET    /river/*any               --> github.com/hngprojects/telex_be/pkg/router.Setup.func4 (6 handlers)
[GIN-debug] Listening and serving HTTP on :8019
2025/11/26 21:43:21 [INFO] Attempting to connect to RabbitMQ...
2025/11/26 21:43:21 [ERROR] Failed to connect to RabbitMQ server: failed to connect to RabbitMQ server: parse "amqp://<username>:<password>@<host>:<port>/<vhost>": invalid port ":<port>" after host. Retrying...
🔄🔄🔄 Attempting to connect to MongoDB...
⏳ Retrying MongoDB connection in 10s
2025/11/26 21:43:26 [INFO] Attempting to connect to RabbitMQ...
2025/11/26 21:43:26 [ERROR] Failed to connect to RabbitMQ server: failed to connect to RabbitMQ server: parse "amqp://<username>:<password>@<host>:<port>/<vhost>": invalid port ":<port>" after host. Retrying...
2025/11/26 21:43:31 [INFO] Attempting to connect to RabbitMQ...
2025/11/26 21:43:31 [ERROR] Failed to connect to RabbitMQ server: failed to connect to RabbitMQ server: parse "amqp://<username>:<password>@<host>:<port>/<vhost>": invalid port ":<port>" after host. Retrying...
🔄🔄🔄 Attempting to connect to MongoDB...
⏳ Retrying MongoDB connection in 20s
2025/11/26 21:43:39 [INFO] Attempting to connect to RabbitMQ...
2025/11/26 21:43:39 [ERROR] Failed to connect to RabbitMQ server: failed to connect to RabbitMQ server: parse "amqp://<username>:<password>@<host>:<port>/<vhost>": invalid port ":<port>" after host. Retrying...
2025/11/26 21:43:44 [INFO] Attempting to connect to RabbitMQ...
2025/11/26 21:43:44 [ERROR] Failed to connect to RabbitMQ server: failed to connect to RabbitMQ server: parse "amqp://<username>:<password>@<host>:<port>/<vhost>": invalid port ":<port>" after host. Retrying...
2025/11/26 21:43:49 [INFO] Attempting to connect to RabbitMQ...
2025/11/26 21:43:49 [ERROR] Failed to connect to RabbitMQ server: failed to connect to RabbitMQ server: parse "amqp://<username>:<password>@<host>:<port>/<vhost>": invalid port ":<port>" after host. Retrying...
⚠️⚠️⚠️ MongoDB client unavailable, attempting to reconnect....
🔄🔄🔄 Attempting to connect to MongoDB...
⏳ Retrying MongoDB connection in 5s
2025/11/26 21:43:54 [INFO] Attempting to connect to RabbitMQ...
2025/11/26 21:43:54 [ERROR] Failed to connect to RabbitMQ server: failed to connect to RabbitMQ server: parse "amqp://<username>:<password>@<host>:<port>/<vhost>": invalid port ":<port>" after host. Retrying...
🔄🔄🔄 Attempting to connect to MongoDB...
⏳ Retrying MongoDB connection in 10s
🔄🔄🔄 Attempting to connect to MongoDB...
⏳ Retrying MongoDB connection in 40s
2025/11/26 21:43:59 [INFO] Attempting to connect to RabbitMQ...
2025/11/26 21:43:59 [ERROR] Failed to connect to RabbitMQ server: failed to connect to RabbitMQ server: parse "amqp://<username>:<password>@<host>:<port>/<vhost>": invalid port ":<port>" after host. Retrying...
2025/11/26 21:44:04 [INFO] Attempting to connect to RabbitMQ...
2025/11/26 21:44:04 [ERROR] Failed to connect to RabbitMQ server: failed to connect to RabbitMQ server: parse "amqp://<username>:<password>@<host>:<port>/<vhost>": invalid port ":<port>" after host. Retrying...
🔄🔄🔄 Attempting to connect to MongoDB...
⏳ Retrying MongoDB connection in 20s
2025/11/26 21:44:12 [INFO] Attempting to connect to RabbitMQ...
2025/11/26 21:44:12 [ERROR] Failed to connect to RabbitMQ server: failed to connect to RabbitMQ server: parse "amqp://<username>:<password>@<host>:<port>/<vhost>": invalid port ":<port>" after host. Retrying...
2025/11/26 21:44:17 [INFO] Attempting to connect to RabbitMQ...
2025/11/26 21:44:17 [ERROR] Failed to connect to RabbitMQ server: failed to connect to RabbitMQ server: parse "amqp://<username>:<password>@<host>:<port>/<vhost>": invalid port ":<port>" after host. Retrying...
2025/11/26 21:44:22 [INFO] Attempting to connect to RabbitMQ...
2025/11/26 21:44:22 [ERROR] Failed to connect to RabbitMQ server: failed to connect to RabbitMQ server: parse "amqp://<username>:<password>@<host>:<port>/<vhost>": invalid port ":<port>" after host. Retrying...
2025/11/26 21:44:27 [INFO] Attempting to connect to RabbitMQ...
2025/11/26 21:44:27 [ERROR] Failed to connect to RabbitMQ server: failed to connect to RabbitMQ server: parse "amqp://<username>:<password>@<host>:<port>/<vhost>": invalid port ":<port>" after host. Retrying...
🔄🔄🔄 Attempting to connect to MongoDB...
⏳ Retrying MongoDB connection in 40s
2025/11/26 21:44:32 [INFO] Attempting to connect to RabbitMQ...
2025/11/26 21:44:32 [ERROR] Failed to connect to RabbitMQ server: failed to connect to RabbitMQ server: parse "amqp://<username>:<password>@<host>:<port>/<vhost>": invalid port ":<port>" after host. Retrying...
2025/11/26 21:44:37 [INFO] Attempting to connect to RabbitMQ...
2025/11/26 21:44:37 [ERROR] Failed to connect to RabbitMQ server: failed to connect to RabbitMQ server: parse "amqp://<username>:<password>@<host>:<port>/<vhost>": invalid port ":<port>" after host. Retrying...
🔄🔄🔄 Attempting to connect to MongoDB...
⏳ Retrying MongoDB connection in 1m0s
2025/11/26 21:44:42 [INFO] Attempting to connect to RabbitMQ...
2025/11/26 21:44:42 [ERROR] Failed to connect to RabbitMQ server: failed to connect to RabbitMQ server: parse "amqp://<username>:<password>@<host>:<port>/<vhost>": invalid port ":<port>" after host. Retrying...
2025/11/26 21:44:50 [INFO] Attempting to connect to RabbitMQ...
2025/11/26 21:44:50 [ERROR] Failed to connect to RabbitMQ server: failed to connect to RabbitMQ server: parse "amqp://<username>:<password>@<host>:<port>/<vhost>": invalid port ":<port>" after host. Retrying...
2025/11/26 21:44:55 [INFO] Attempting to connect to RabbitMQ...
2025/11/26 21:44:55 [ERROR] Failed to connect to RabbitMQ server: failed to connect to RabbitMQ server: parse "amqp://<username>:<password>@<host>:<port>/<vhost>": invalid port ":<port>" after host. Retrying...
2025/11/26 21:45:00 [INFO] Attempting to connect to RabbitMQ...
2025/11/26 21:45:00 [ERROR] Failed to connect to RabbitMQ server: failed to connect to RabbitMQ server: parse "amqp://<username>:<password>@<host>:<port>/<vhost>": invalid port ":<port>" after host. Retrying...
2025/11/26 21:45:05 [INFO] Attempting to connect to RabbitMQ...
2025/11/26 21:45:05 [ERROR] Failed to connect to RabbitMQ server: failed to connect to RabbitMQ server: parse "amqp://<username>:<password>@<host>:<port>/<vhost>": invalid port ":<port>" after host. Retrying...
2025/11/26 21:45:10 [INFO] Attempting to connect to RabbitMQ...
2025/11/26 21:45:10 [ERROR] Failed to connect to RabbitMQ server: failed to connect to RabbitMQ server: parse "amqp://<username>:<password>@<host>:<port>/<vhost>": invalid port ":<port>" after host. Retrying...
🔄🔄🔄 Attempting to connect to MongoDB...
⏳ Retrying MongoDB connection in 1m0s
2025/11/26 21:45:15 [INFO] Attempting to connect to RabbitMQ...
2025/11/26 21:45:15 [ERROR] Failed to connect to RabbitMQ server: failed to connect to RabbitMQ server: parse "amqp://<username>:<password>@<host>:<port>/<vhost>": invalid port ":<port>" after host. Retrying...
2025/11/26 21:45:20 [INFO] Attempting to connect to RabbitMQ...
2025/11/26 21:45:20 [ERROR] Failed to connect to RabbitMQ server: failed to connect to RabbitMQ server: parse "amqp://<username>:<password>@<host>:<port>/<vhost>": invalid port ":<port>" after host. Retrying...
2025/11/26 21:45:25 [INFO] Attempting to connect to RabbitMQ...
2025/11/26 21:45:25 [ERROR] Failed to connect to RabbitMQ server: failed to connect to RabbitMQ server: parse "amqp://<username>:<password>@<host>:<port>/<vhost>": invalid port ":<port>" after host. Retrying...
2025/11/26 21:45:30 [INFO] Attempting to connect to RabbitMQ...
2025/11/26 21:45:30 [ERROR] Failed to connect to RabbitMQ server: failed to connect to RabbitMQ server: parse "amqp://<username>:<password>@<host>:<port>/<vhost>": invalid port ":<port>" after host. Retrying...
2025/11/26 21:45:35 [INFO] Attempting to connect to RabbitMQ...
2025/11/26 21:45:35 [ERROR] Failed to connect to RabbitMQ server: failed to connect to RabbitMQ server: parse "amqp://<username>:<password>@<host>:<port>/<vhost>": invalid port ":<port>" after host. Retrying...
2025/11/26 21:45:45 [INFO] Attempting to connect to RabbitMQ...
2025/11/26 21:45:45 [ERROR] Failed to connect to RabbitMQ server: failed to connect to RabbitMQ server: parse "amqp://<username>:<password>@<host>:<port>/<vhost>": invalid port ":<port>" after host. Retrying...
🔄🔄🔄 Attempting to connect to MongoDB...
⏳ Retrying MongoDB connection in 1m0s
2025/11/26 21:45:50 [INFO] Attempting to connect to RabbitMQ...
2025/11/26 21:45:50 [ERROR] Failed to connect to RabbitMQ server: failed to connect to RabbitMQ server: parse "amqp://<username>:<password>@<host>:<port>/<vhost>": invalid port ":<port>" after host. Retrying...
2025/11/26 21:45:55 [INFO] Attempting to connect to RabbitMQ...
2025/11/26 21:45:55 [ERROR] Failed to connect to RabbitMQ server: failed to connect to RabbitMQ server: parse "amqp://<username>:<password>@<host>:<port>/<vhost>": invalid port ":<port>" after host. Retrying...
2025/11/26 21:46:00 [INFO] Attempting to connect to RabbitMQ...
2025/11/26 21:46:00 [ERROR] Failed to connect to RabbitMQ server: failed to connect to RabbitMQ server: parse "amqp://<username>:<password>@<host>:<port>/<vhost>": invalid port ":<port>" after host. Retrying...
2025/11/26 21:46:05 [INFO] Attempting to connect to RabbitMQ...
2025/11/26 21:46:05 [ERROR] Failed to connect to RabbitMQ server: failed to connect to RabbitMQ server: parse "amqp://<username>:<password>@<host>:<port>/<vhost>": invalid port ":<port>" after host. Retrying...
2025/11/26 21:46:10 [INFO] Attempting to connect to RabbitMQ...
2025/11/26 21:46:10 [ERROR] Failed to connect to RabbitMQ server: failed to connect to RabbitMQ server: parse "amqp://<username>:<password>@<host>:<port>/<vhost>": invalid port ":<port>" after host. Retrying...
2025/11/26 21:46:15 [INFO] Attempting to connect to RabbitMQ...
2025/11/26 21:46:15 [ERROR] Failed to connect to RabbitMQ server: failed to connect to RabbitMQ server: parse "amqp://<username>:<password>@<host>:<port>/<vhost>": invalid port ":<port>" after host. Retrying...
🔄🔄🔄 Attempting to connect to MongoDB...
⏳ Retrying MongoDB connection in 1m0s
2025/11/26 21:46:22 [INFO] Attempting to connect to RabbitMQ...
2025/11/26 21:46:22 [ERROR] Failed to connect to RabbitMQ server: failed to connect to RabbitMQ server: parse "amqp://<username>:<password>@<host>:<port>/<vhost>": invalid port ":<port>" after host. Retrying...
2025/11/26 21:46:27 [INFO] Attempting to connect to RabbitMQ...
2025/11/26 21:46:27 [ERROR] Failed to connect to RabbitMQ server: failed to connect to RabbitMQ server: parse "amqp://<username>:<password>@<host>:<port>/<vhost>": invalid port ":<port>" after host. Retrying...
2025/11/26 21:46:32 [INFO] Attempting to connect to RabbitMQ...
2025/11/26 21:46:32 [ERROR] Failed to connect to RabbitMQ server: failed to connect to RabbitMQ server: parse "amqp://<username>:<password>@<host>:<port>/<vhost>": invalid port ":<port>" after host. Retrying...
2025/11/26 21:46:37 [INFO] Attempting to connect to RabbitMQ...
2025/11/26 21:46:37 [ERROR] Failed to connect to RabbitMQ server: failed to connect to RabbitMQ server: parse "amqp://<username>:<password>@<host>:<port>/<vhost>": invalid port ":<port>" after host. Retrying...
2025/11/26 21:46:42 [INFO] Attempting to connect to RabbitMQ...
2025/11/26 21:46:42 [ERROR] Failed to connect to RabbitMQ server: failed to connect to RabbitMQ server: parse "amqp://<username>:<password>@<host>:<port>/<vhost>": invalid port ":<port>" after host. Retrying...
2025/11/26 21:46:47 [INFO] Attempting to connect to RabbitMQ...
2025/11/26 21:46:47 [ERROR] Failed to connect to RabbitMQ server: failed to connect to RabbitMQ server: parse "amqp://<username>:<password>@<host>:<port>/<vhost>": invalid port ":<port>" after host. Retrying...
🔄🔄🔄 Attempting to connect to MongoDB...
⏳ Retrying MongoDB connection in 1m0s
2025/11/26 21:46:56 [INFO] Attempting to connect to RabbitMQ...
2025/11/26 21:46:56 [ERROR] Failed to connect to RabbitMQ server: failed to connect to RabbitMQ server: parse "amqp://<username>:<password>@<host>:<port>/<vhost>": invalid port ":<port>" after host. Retrying...
2025/11/26 21:47:01 [INFO] Attempting to connect to RabbitMQ...
2025/11/26 21:47:01 [ERROR] Failed to connect to RabbitMQ server: failed to connect to RabbitMQ server: parse "amqp://<username>:<password>@<host>:<port>/<vhost>": invalid port ":<port>" after host. Retrying...
2025/11/26 21:47:06 [INFO] Attempting to connect to RabbitMQ...
2025/11/26 21:47:06 [ERROR] Failed to connect to RabbitMQ server: failed to connect to RabbitMQ server: parse "amqp://<username>:<password>@<host>:<port>/<vhost>": invalid port ":<port>" after host. Retrying...
2025/11/26 21:47:11 [INFO] Attempting to connect to RabbitMQ...
2025/11/26 21:47:11 [ERROR] Failed to connect to RabbitMQ server: failed to connect to RabbitMQ server: parse "amqp://<username>:<password>@<host>:<port>/<vhost>": invalid port ":<port>" after host. Retrying...
2025/11/26 21:47:16 [INFO] Attempting to connect to RabbitMQ...
2025/11/26 21:47:16 [ERROR] Failed to connect to RabbitMQ server: failed to connect to RabbitMQ server: parse "amqp://<username>:<password>@<host>:<port>/<vhost>": invalid port ":<port>" after host. Retrying...
2025/11/26 21:47:21 [INFO] Attempting to connect to RabbitMQ...
2025/11/26 21:47:21 [ERROR] Failed to connect to RabbitMQ server: failed to connect to RabbitMQ server: parse "amqp://<username>:<password>@<host>:<port>/<vhost>": invalid port ":<port>" after host. Retrying...
🔄🔄🔄 Attempting to connect to MongoDB...
⏳ Retrying MongoDB connection in 1m0s
2025/11/26 21:47:26 [INFO] Attempting to connect to RabbitMQ...
2025/11/26 21:47:26 [ERROR] Failed to connect to RabbitMQ server: failed to connect to RabbitMQ server: parse "amqp://<username>:<password>@<host>:<port>/<vhost>": invalid port ":<port>" after host. Retrying...
2025/11/26 21:47:34 [INFO] Attempting to connect to RabbitMQ...
2025/11/26 21:47:34 [ERROR] Failed to connect to RabbitMQ server: failed to connect to RabbitMQ server: parse "amqp://<username>:<password>@<host>:<port>/<vhost>": invalid port ":<port>" after host. Retrying...
2025/11/26 21:47:39 [INFO] Attempting to connect to RabbitMQ...
2025/11/26 21:47:39 [ERROR] Failed to connect to RabbitMQ server: failed to connect to RabbitMQ server: parse "amqp://<username>:<password>@<host>:<port>/<vhost>": invalid port ":<port>" after host. Retrying...
2025/11/26 21:47:44 [INFO] Attempting to connect to RabbitMQ...
2025/11/26 21:47:44 [ERROR] Failed to connect to RabbitMQ server: failed to connect to RabbitMQ server: parse "amqp://<username>:<password>@<host>:<port>/<vhost>": invalid port ":<port>" after host. Retrying...
2025/11/26 21:47:49 [INFO] Attempting to connect to RabbitMQ...
2025/11/26 21:47:49 [ERROR] Failed to connect to RabbitMQ server: failed to connect to RabbitMQ server: parse "amqp://<username>:<password>@<host>:<port>/<vhost>": invalid port ":<port>" after host. Retrying...
2025/11/26 21:47:54 [INFO] Attempting to connect to RabbitMQ...
2025/11/26 21:47:54 [ERROR] Failed to connect to RabbitMQ server: failed to connect to RabbitMQ server: parse "amqp://<username>:<password>@<host>:<port>/<vhost>": invalid port ":<port>" after host. Retrying...
🔄🔄🔄 Attempting to connect to MongoDB...
⏳ Retrying MongoDB connection in 1m0s
2025/11/26 21:47:59 [INFO] Attempting to connect to RabbitMQ...
2025/11/26 21:47:59 [ERROR] Failed to connect to RabbitMQ server: failed to connect to RabbitMQ server: parse "amqp://<username>:<password>@<host>:<port>/<vhost>": invalid port ":<port>" after host. Retrying...
2025/11/26 21:48:04 [INFO] Attempting to connect to RabbitMQ...
2025/11/26 21:48:04 [ERROR] Failed to connect to RabbitMQ server: failed to connect to RabbitMQ server: parse "amqp://<username>:<password>@<host>:<port>/<vhost>": invalid port ":<port>" after host. Retrying...
2025/11/26 21:48:12 [INFO] Attempting to connect to RabbitMQ...
2025/11/26 21:48:12 [ERROR] Failed to connect to RabbitMQ server: failed to connect to RabbitMQ server: parse "amqp://<username>:<password>@<host>:<port>/<vhost>": invalid port ":<port>" after host. Retrying...
2025/11/26 21:48:17 [INFO] Attempting to connect to RabbitMQ...
2025/11/26 21:48:17 [ERROR] Failed to connect to RabbitMQ server: failed to connect to RabbitMQ server: parse "amqp://<username>:<password>@<host>:<port>/<vhost>": invalid port ":<port>" after host. Retrying...
2025/11/26 21:48:22 [INFO] Attempting to connect to RabbitMQ...
2025/11/26 21:48:22 [ERROR] Failed to connect to RabbitMQ server: failed to connect to RabbitMQ server: parse "amqp://<username>:<password>@<host>:<port>/<vhost>": invalid port ":<port>" after host. Retrying...
2025/11/26 21:48:27 [INFO] Attempting to connect to RabbitMQ...
2025/11/26 21:48:27 [ERROR] Failed to connect to RabbitMQ server: failed to connect to RabbitMQ server: parse "amqp://<username>:<password>@<host>:<port>/<vhost>": invalid port ":<port>" after host. Retrying...
🔄🔄🔄 Attempting to connect to MongoDB...
⏳ Retrying MongoDB connection in 1m0s
2025/11/26 21:48:32 [INFO] Attempting to connect to RabbitMQ...
2025/11/26 21:48:32 [ERROR] Failed to connect to RabbitMQ server: failed to connect to RabbitMQ server: parse "amqp://<username>:<password>@<host>:<port>/<vhost>": invalid port ":<port>" after host. Retrying...
2025/11/26 21:48:37 [INFO] Attempting to connect to RabbitMQ...
2025/11/26 21:48:37 [ERROR] Failed to connect to RabbitMQ server: failed to connect to RabbitMQ server: parse "amqp://<username>:<password>@<host>:<port>/<vhost>": invalid port ":<port>" after host. Retrying...
2025/11/26 21:48:42 [INFO] Attempting to connect to RabbitMQ...
2025/11/26 21:48:42 [ERROR] Failed to connect to RabbitMQ server: failed to connect to RabbitMQ server: parse "amqp://<username>:<password>@<host>:<port>/<vhost>": invalid port ":<port>" after host. Retrying...
2025/11/26 21:48:47 [INFO] Attempting to connect to RabbitMQ...
2025/11/26 21:48:47 [ERROR] Failed to connect to RabbitMQ server: failed to connect to RabbitMQ server: parse "amqp://<username>:<password>@<host>:<port>/<vhost>": invalid port ":<port>" after host. Retrying...
2025/11/26 21:48:52 [INFO] Attempting to connect to RabbitMQ...
2025/11/26 21:48:52 [ERROR] Failed to connect to RabbitMQ server: failed to connect to RabbitMQ server: parse "amqp://<username>:<password>@<host>:<port>/<vhost>": invalid port ":<port>" after host. Retrying...
2025/11/26 21:48:57 [INFO] Attempting to connect to RabbitMQ...
2025/11/26 21:48:57 [ERROR] Failed to connect to RabbitMQ server: failed to connect to RabbitMQ server: parse "amqp://<username>:<password>@<host>:<port>/<vhost>": invalid port ":<port>" after host. Retrying...
🔄🔄🔄 Attempting to connect to MongoDB...
⏳ Retrying MongoDB connection in 1m0s
2025/11/26 21:49:02 [INFO] Attempting to connect to RabbitMQ...
2025/11/26 21:49:02 [ERROR] Failed to connect to RabbitMQ server: failed to connect to RabbitMQ server: parse "amqp://<username>:<password>@<host>:<port>/<vhost>": invalid port ":<port>" after host. Retrying...
2025/11/26 21:49:07 [INFO] Attempting to connect to RabbitMQ...
2025/11/26 21:49:07 [ERROR] Failed to connect to RabbitMQ server: failed to connect to RabbitMQ server: parse "amqp://<username>:<password>@<host>:<port>/<vhost>": invalid port ":<port>" after host. Retrying...
2025/11/26 21:49:12 [INFO] Attempting to connect to RabbitMQ...
2025/11/26 21:49:12 [ERROR] Failed to connect to RabbitMQ server: failed to connect to RabbitMQ server: parse "amqp://<username>:<password>@<host>:<port>/<vhost>": invalid port ":<port>" after host. Retrying...
2025/11/26 21:49:17 [INFO] Attempting to connect to RabbitMQ...
2025/11/26 21:49:17 [ERROR] Failed to connect to RabbitMQ server: failed to connect to RabbitMQ server: parse "amqp://<username>:<password>@<host>:<port>/<vhost>": invalid port ":<port>" after host. Retrying...
2025/11/26 21:49:22 [INFO] Attempting to connect to RabbitMQ...
2025/11/26 21:49:22 [ERROR] Failed to connect to RabbitMQ server: failed to connect to RabbitMQ server: parse "amqp://<username>:<password>@<host>:<port>/<vhost>": invalid port ":<port>" after host. Retrying...
2025/11/26 21:49:27 [INFO] Attempting to connect to RabbitMQ...
2025/11/26 21:49:27 [ERROR] Failed to connect to RabbitMQ server: failed to connect to RabbitMQ server: parse "amqp://<username>:<password>@<host>:<port>/<vhost>": invalid port ":<port>" after host. Retrying...
🔄🔄🔄 Attempting to connect to MongoDB...
⏳ Retrying MongoDB connection in 1m0s
2025/11/26 21:49:39 [INFO] Attempting to connect to RabbitMQ...
2025/11/26 21:49:39 [ERROR] Failed to connect to RabbitMQ server: failed to connect to RabbitMQ server: parse "amqp://<username>:<password>@<host>:<port>/<vhost>": invalid port ":<port>" after host. Retrying...
2025/11/26 21:49:44 [INFO] Attempting to connect to RabbitMQ...
2025/11/26 21:49:44 [ERROR] Failed to connect to RabbitMQ server: failed to connect to RabbitMQ server: parse "amqp://<username>:<password>@<host>:<port>/<vhost>": invalid port ":<port>" after host. Retrying...
2025/11/26 21:49:49 [INFO] Attempting to connect to RabbitMQ...
2025/11/26 21:49:49 [ERROR] Failed to connect to RabbitMQ server: failed to connect to RabbitMQ server: parse "amqp://<username>:<password>@<host>:<port>/<vhost>": invalid port ":<port>" after host. Retrying...
2025/11/26 21:49:54 [INFO] Attempting to connect to RabbitMQ...
2025/11/26 21:49:54 [ERROR] Failed to connect to RabbitMQ server: failed to connect to RabbitMQ server: parse "amqp://<username>:<password>@<host>:<port>/<vhost>": invalid port ":<port>" after host. Retrying...
2025/11/26 21:49:59 [INFO] Attempting to connect to RabbitMQ...
2025/11/26 21:49:59 [ERROR] Failed to connect to RabbitMQ server: failed to connect to RabbitMQ server: parse "amqp://<username>:<password>@<host>:<port>/<vhost>": invalid port ":<port>" after host. Retrying...
2025/11/26 21:50:04 [INFO] Attempting to connect to RabbitMQ...
2025/11/26 21:50:04 [ERROR] Failed to connect to RabbitMQ server: failed to connect to RabbitMQ server: parse "amqp://<username>:<password>@<host>:<port>/<vhost>": invalid port ":<port>" after host. Retrying...
🔄🔄🔄 Attempting to connect to MongoDB...
⏳ Retrying MongoDB connection in 1m0s
2025/11/26 21:50:09 [INFO] Attempting to connect to RabbitMQ...
2025/11/26 21:50:09 [ERROR] Failed to connect to RabbitMQ server: failed to connect to RabbitMQ server: parse "amqp://<username>:<password>@<host>:<port>/<vhost>": invalid port ":<port>" after host. Retrying...
2025/11/26 21:50:14 [INFO] Attempting to connect to RabbitMQ...
2025/11/26 21:50:14 [ERROR] Failed to connect to RabbitMQ server: failed to connect to RabbitMQ server: parse "amqp://<username>:<password>@<host>:<port>/<vhost>": invalid port ":<port>" after host. Retrying...
2025/11/26 21:50:19 [INFO] Attempting to connect to RabbitMQ...
2025/11/26 21:50:19 [ERROR] Failed to connect to RabbitMQ server: failed to connect to RabbitMQ server: parse "amqp://<username>:<password>@<host>:<port>/<vhost>": invalid port ":<port>" after host. Retrying...
2025/11/26 21:50:24 [INFO] Attempting to connect to RabbitMQ...
2025/11/26 21:50:24 [ERROR] Failed to connect to RabbitMQ server: failed to connect to RabbitMQ server: parse "amqp://<username>:<password>@<host>:<port>/<vhost>": invalid port ":<port>" after host. Retrying...
2025/11/26 21:50:29 [INFO] Attempting to connect to RabbitMQ...
2025/11/26 21:50:29 [ERROR] Failed to connect to RabbitMQ server: failed to connect to RabbitMQ server: parse "amqp://<username>:<password>@<host>:<port>/<vhost>": invalid port ":<port>" after host. Retrying...
2025/11/26 21:50:34 [INFO] Attempting to connect to RabbitMQ...
2025/11/26 21:50:34 [ERROR] Failed to connect to RabbitMQ server: failed to connect to RabbitMQ server: parse "amqp://<username>:<password>@<host>:<port>/<vhost>": invalid port ":<port>" after host. Retrying...
🔄🔄🔄 Attempting to connect to MongoDB...
⏳ Retrying MongoDB connection in 1m0s
2025/11/26 21:50:39 [INFO] Attempting to connect to RabbitMQ...
2025/11/26 21:50:39 [ERROR] Failed to connect to RabbitMQ server: failed to connect to RabbitMQ server: parse "amqp://<username>:<password>@<host>:<port>/<vhost>": invalid port ":<port>" after host. Retrying...
2025/11/26 21:50:44 [INFO] Attempting to connect to RabbitMQ...
2025/11/26 21:50:44 [ERROR] Failed to connect to RabbitMQ server: failed to connect to RabbitMQ server: parse "amqp://<username>:<password>@<host>:<port>/<vhost>": invalid port ":<port>" after host. Retrying...
2025/11/26 21:50:49 [INFO] Attempting to connect to RabbitMQ...
2025/11/26 21:50:49 [ERROR] Failed to connect to RabbitMQ server: failed to connect to RabbitMQ server: parse "amqp://<username>:<password>@<host>:<port>/<vhost>": invalid port ":<port>" after host. Retrying...
2025/11/26 21:50:54 [INFO] Attempting to connect to RabbitMQ...
2025/11/26 21:50:54 [ERROR] Failed to connect to RabbitMQ server: failed to connect to RabbitMQ server: parse "amqp://<username>:<password>@<host>:<port>/<vhost>": invalid port ":<port>" after host. Retrying...
2025/11/26 21:50:59 [INFO] Attempting to connect to RabbitMQ...
2025/11/26 21:50:59 [ERROR] Failed to connect to RabbitMQ server: failed to connect to RabbitMQ server: parse "amqp://<username>:<password>@<host>:<port>/<vhost>": invalid port ":<port>" after host. Retrying...
2025/11/26 21:51:04 [INFO] Attempting to connect to RabbitMQ...
2025/11/26 21:51:04 [ERROR] Failed to connect to RabbitMQ server: failed to connect to RabbitMQ server: parse "amqp://<username>:<password>@<host>:<port>/<vhost>": invalid port ":<port>" after host. Retrying...
🔄🔄🔄 Attempting to connect to MongoDB...
⏳ Retrying MongoDB connection in 1m0s
2025/11/26 21:51:09 [INFO] Attempting to connect to RabbitMQ...
2025/11/26 21:51:09 [ERROR] Failed to connect to RabbitMQ server: failed to connect to RabbitMQ server: parse "amqp://<username>:<password>@<host>:<port>/<vhost>": invalid port ":<port>" after host. Retrying...
2025/11/26 21:51:14 [INFO] Attempting to connect to RabbitMQ...
2025/11/26 21:51:14 [ERROR] Failed to connect to RabbitMQ server: failed to connect to RabbitMQ server: parse "amqp://<username>:<password>@<host>:<port>/<vhost>": invalid port ":<port>" after host. Retrying...
2025/11/26 21:51:19 [INFO] Attempting to connect to RabbitMQ...
2025/11/26 21:51:19 [ERROR] Failed to connect to RabbitMQ server: failed to connect to RabbitMQ server: parse "amqp://<username>:<password>@<host>:<port>/<vhost>": invalid port ":<port>" after host. Retrying...
2025/11/26 21:51:24 [INFO] Attempting to connect to RabbitMQ...
2025/11/26 21:51:24 [ERROR] Failed to connect to RabbitMQ server: failed to connect to RabbitMQ server: parse "amqp://<username>:<password>@<host>:<port>/<vhost>": invalid port ":<port>" after host. Retrying...
2025/11/26 21:51:29 [INFO] Attempting to connect to RabbitMQ...
2025/11/26 21:51:29 [ERROR] Failed to connect to RabbitMQ server: failed to connect to RabbitMQ server: parse "amqp://<username>:<password>@<host>:<port>/<vhost>": invalid port ":<port>" after host. Retrying...
2025/11/26 21:51:34 [INFO] Attempting to connect to RabbitMQ...
2025/11/26 21:51:34 [ERROR] Failed to connect to RabbitMQ server: failed to connect to RabbitMQ server: parse "amqp://<username>:<password>@<host>:<port>/<vhost>": invalid port ":<port>" after host. Retrying...
🔄🔄🔄 Attempting to connect to MongoDB...
⏳ Retrying MongoDB connection in 1m0s
2025/11/26 21:51:39 [INFO] Attempting to connect to RabbitMQ...
2025/11/26 21:51:39 [ERROR] Failed to connect to RabbitMQ server: failed to connect to RabbitMQ server: parse "amqp://<username>:<password>@<host>:<port>/<vhost>": invalid port ":<port>" after host. Retrying...
2025/11/26 21:51:44 [INFO] Attempting to connect to RabbitMQ...
2025/11/26 21:51:44 [ERROR] Failed to connect to RabbitMQ server: failed to connect to RabbitMQ server: parse "amqp://<username>:<password>@<host>:<port>/<vhost>": invalid port ":<port>" after host. Retrying...
2025/11/26 21:51:49 [INFO] Attempting to connect to RabbitMQ...
2025/11/26 21:51:49 [ERROR] Failed to connect to RabbitMQ server: failed to connect to RabbitMQ server: parse "amqp://<username>:<password>@<host>:<port>/<vhost>": invalid port ":<port>" after host. Retrying...
2025/11/26 21:51:54 [INFO] Attempting to connect to RabbitMQ...
2025/11/26 21:51:54 [ERROR] Failed to connect to RabbitMQ server: failed to connect to RabbitMQ server: parse "amqp://<username>:<password>@<host>:<port>/<vhost>": invalid port ":<port>" after host. Retrying...
2025/11/26 21:51:59 [INFO] Attempting to connect to RabbitMQ...
2025/11/26 21:51:59 [ERROR] Failed to connect to RabbitMQ server: failed to connect to RabbitMQ server: parse "amqp://<username>:<password>@<host>:<port>/<vhost>": invalid port ":<port>" after host. Retrying...
2025/11/26 21:52:04 [INFO] Attempting to connect to RabbitMQ...
2025/11/26 21:52:04 [ERROR] Failed to connect to RabbitMQ server: failed to connect to RabbitMQ server: parse "amqp://<username>:<password>@<host>:<port>/<vhost>": invalid port ":<port>" after host. Retrying...
🔄🔄🔄 Attempting to connect to MongoDB...
⏳ Retrying MongoDB connection in 1m0s
2025/11/26 21:52:09 [INFO] Attempting to connect to RabbitMQ...
2025/11/26 21:52:09 [ERROR] Failed to connect to RabbitMQ server: failed to connect to RabbitMQ server: parse "amqp://<username>:<password>@<host>:<port>/<vhost>": invalid port ":<port>" after host. Retrying...
2025/11/26 21:52:14 [INFO] Attempting to connect to RabbitMQ...
2025/11/26 21:52:14 [ERROR] Failed to connect to RabbitMQ server: failed to connect to RabbitMQ server: parse "amqp://<username>:<password>@<host>:<port>/<vhost>": invalid port ":<port>" after host. Retrying...
2025/11/26 21:52:19 [INFO] Attempting to connect to RabbitMQ...
2025/11/26 21:52:19 [ERROR] Failed to connect to RabbitMQ server: failed to connect to RabbitMQ server: parse "amqp://<username>:<password>@<host>:<port>/<vhost>": invalid port ":<port>" after host. Retrying...
2025/11/26 21:52:24 [INFO] Attempting to connect to RabbitMQ...
2025/11/26 21:52:24 [ERROR] Failed to connect to RabbitMQ server: failed to connect to RabbitMQ server: parse "amqp://<username>:<password>@<host>:<port>/<vhost>": invalid port ":<port>" after host. Retrying...
2025/11/26 21:52:29 [INFO] Attempting to connect to RabbitMQ...
2025/11/26 21:52:29 [ERROR] Failed to connect to RabbitMQ server: failed to connect to RabbitMQ server: parse "amqp://<username>:<password>@<host>:<port>/<vhost>": invalid port ":<port>" after host. Retrying...
2025/11/26 21:52:34 [INFO] Attempting to connect to RabbitMQ...
2025/11/26 21:52:34 [ERROR] Failed to connect to RabbitMQ server: failed to connect to RabbitMQ server: parse "amqp://<username>:<password>@<host>:<port>/<vhost>": invalid port ":<port>" after host. Retrying...
🔄🔄🔄 Attempting to connect to MongoDB...
⏳ Retrying MongoDB connection in 1m0s
2025/11/26 21:52:39 [INFO] Attempting to connect to RabbitMQ...
2025/11/26 21:52:39 [ERROR] Failed to connect to RabbitMQ server: failed to connect to RabbitMQ server: parse "amqp://<username>:<password>@<host>:<port>/<vhost>": invalid port ":<port>" after host. Retrying...
2025/11/26 21:52:44 [INFO] Attempting to connect to RabbitMQ...
2025/11/26 21:52:44 [ERROR] Failed to connect to RabbitMQ server: failed to connect to RabbitMQ server: parse "amqp://<username>:<password>@<host>:<port>/<vhost>": invalid port ":<port>" after host. Retrying...
2025/11/26 21:52:49 [INFO] Attempting to connect to RabbitMQ...
2025/11/26 21:52:49 [ERROR] Failed to connect to RabbitMQ server: failed to connect to RabbitMQ server: parse "amqp://<username>:<password>@<host>:<port>/<vhost>": invalid port ":<port>" after host. Retrying...
2025/11/26 21:52:54 [INFO] Attempting to connect to RabbitMQ...
2025/11/26 21:52:54 [ERROR] Failed to connect to RabbitMQ server: failed to connect to RabbitMQ server: parse "amqp://<username>:<password>@<host>:<port>/<vhost>": invalid port ":<port>" after host. Retrying...
2025/11/26 21:52:59 [INFO] Attempting to connect to RabbitMQ...
2025/11/26 21:52:59 [ERROR] Failed to connect to RabbitMQ server: failed to connect to RabbitMQ server: parse "amqp://<username>:<password>@<host>:<port>/<vhost>": invalid port ":<port>" after host. Retrying...
2025/11/26 21:53:04 [INFO] Attempting to connect to RabbitMQ...
2025/11/26 21:53:04 [ERROR] Failed to connect to RabbitMQ server: failed to connect to RabbitMQ server: parse "amqp://<username>:<password>@<host>:<port>/<vhost>": invalid port ":<port>" after host. Retrying...
🔄🔄🔄 Attempting to connect to MongoDB...
⏳ Retrying MongoDB connection in 1m0s
2025/11/26 21:53:09 [INFO] Attempting to connect to RabbitMQ...
2025/11/26 21:53:09 [ERROR] Failed to connect to RabbitMQ server: failed to connect to RabbitMQ server: parse "amqp://<username>:<password>@<host>:<port>/<vhost>": invalid port ":<port>" after host. Retrying...
2025/11/26 21:53:14 [INFO] Attempting to connect to RabbitMQ...
2025/11/26 21:53:14 [ERROR] Failed to connect to RabbitMQ server: failed to connect to RabbitMQ server: parse "amqp://<username>:<password>@<host>:<port>/<vhost>": invalid port ":<port>" after host. Retrying...
2025/11/26 21:53:19 [INFO] Attempting to connect to RabbitMQ...
2025/11/26 21:53:19 [ERROR] Failed to connect to RabbitMQ server: failed to connect to RabbitMQ server: parse "amqp://<username>:<password>@<host>:<port>/<vhost>": invalid port ":<port>" after host. Retrying...
2025/11/26 21:53:24 [INFO] Attempting to connect to RabbitMQ...
2025/11/26 21:53:24 [ERROR] Failed to connect to RabbitMQ server: failed to connect to RabbitMQ server: parse "amqp://<username>:<password>@<host>:<port>/<vhost>": invalid port ":<port>" after host. Retrying...
2025/11/26 21:53:29 [INFO] Attempting to connect to RabbitMQ...
2025/11/26 21:53:29 [ERROR] Failed to connect to RabbitMQ server: failed to connect to RabbitMQ server: parse "amqp://<username>:<password>@<host>:<port>/<vhost>": invalid port ":<port>" after host. Retrying...
2025/11/26 21:53:34 [INFO] Attempting to connect to RabbitMQ...
2025/11/26 21:53:34 [ERROR] Failed to connect to RabbitMQ server: failed to connect to RabbitMQ server: parse "amqp://<username>:<password>@<host>:<port>/<vhost>": invalid port ":<port>" after host. Retrying...
🔄🔄🔄 Attempting to connect to MongoDB...
⏳ Retrying MongoDB connection in 1m0s
2025/11/26 21:53:39 [INFO] Attempting to connect to RabbitMQ...
2025/11/26 21:53:39 [ERROR] Failed to connect to RabbitMQ server: failed to connect to RabbitMQ server: parse "amqp://<username>:<password>@<host>:<port>/<vhost>": invalid port ":<port>" after host. Retrying...
2025/11/26 21:53:44 [INFO] Attempting to connect to RabbitMQ...
2025/11/26 21:53:44 [ERROR] Failed to connect to RabbitMQ server: failed to connect to RabbitMQ server: parse "amqp://<username>:<password>@<host>:<port>/<vhost>": invalid port ":<port>" after host. Retrying...
2025/11/26 21:53:49 [INFO] Attempting to connect to RabbitMQ...
2025/11/26 21:53:49 [ERROR] Failed to connect to RabbitMQ server: failed to connect to RabbitMQ server: parse "amqp://<username>:<password>@<host>:<port>/<vhost>": invalid port ":<port>" after host. Retrying...
2025/11/26 21:53:54 [INFO] Attempting to connect to RabbitMQ...
2025/11/26 21:53:54 [ERROR] Failed to connect to RabbitMQ server: failed to connect to RabbitMQ server: parse "amqp://<username>:<password>@<host>:<port>/<vhost>": invalid port ":<port>" after host. Retrying...
2025/11/26 21:53:59 [INFO] Attempting to connect to RabbitMQ...
2025/11/26 21:53:59 [ERROR] Failed to connect to RabbitMQ server: failed to connect to RabbitMQ server: parse "amqp://<username>:<password>@<host>:<port>/<vhost>": invalid port ":<port>" after host. Retrying...
2025/11/26 21:54:04 [INFO] Attempting to connect to RabbitMQ...
2025/11/26 21:54:04 [ERROR] Failed to connect to RabbitMQ server: failed to connect to RabbitMQ server: parse "amqp://<username>:<password>@<host>:<port>/<vhost>": invalid port ":<port>" after host. Retrying...
🔄🔄🔄 Attempting to connect to MongoDB...
⏳ Retrying MongoDB connection in 1m0s
2025/11/26 21:54:09 [INFO] Attempting to connect to RabbitMQ...
2025/11/26 21:54:09 [ERROR] Failed to connect to RabbitMQ server: failed to connect to RabbitMQ server: parse "amqp://<username>:<password>@<host>:<port>/<vhost>": invalid port ":<port>" after host. Retrying...
2025/11/26 21:54:14 [INFO] Attempting to connect to RabbitMQ...
2025/11/26 21:54:14 [ERROR] Failed to connect to RabbitMQ server: failed to connect to RabbitMQ server: parse "amqp://<username>:<password>@<host>:<port>/<vhost>": invalid port ":<port>" after host. Retrying...
2025/11/26 21:54:19 [INFO] Attempting to connect to RabbitMQ...
2025/11/26 21:54:19 [ERROR] Failed to connect to RabbitMQ server: failed to connect to RabbitMQ server: parse "amqp://<username>:<password>@<host>:<port>/<vhost>": invalid port ":<port>" after host. Retrying...
2025/11/26 21:54:24 [INFO] Attempting to connect to RabbitMQ...
2025/11/26 21:54:24 [ERROR] Failed to connect to RabbitMQ server: failed to connect to RabbitMQ server: parse "amqp://<username>:<password>@<host>:<port>/<vhost>": invalid port ":<port>" after host. Retrying...
2025/11/26 21:54:29 [INFO] Attempting to connect to RabbitMQ...
2025/11/26 21:54:29 [ERROR] Failed to connect to RabbitMQ server: failed to connect to RabbitMQ server: parse "amqp://<username>:<password>@<host>:<port>/<vhost>": invalid port ":<port>" after host. Retrying...
2025/11/26 21:54:34 [INFO] Attempting to connect to RabbitMQ...
2025/11/26 21:54:34 [ERROR] Failed to connect to RabbitMQ server: failed to connect to RabbitMQ server: parse "amqp://<username>:<password>@<host>:<port>/<vhost>": invalid port ":<port>" after host. Retrying...
🔄🔄🔄 Attempting to connect to MongoDB...
⏳ Retrying MongoDB connection in 1m0s
2025/11/26 21:54:39 [INFO] Attempting to connect to RabbitMQ...
2025/11/26 21:54:39 [ERROR] Failed to connect to RabbitMQ server: failed to connect to RabbitMQ server: parse "amqp://<username>:<password>@<host>:<port>/<vhost>": invalid port ":<port>" after host. Retrying...
2025/11/26 21:54:44 [INFO] Attempting to connect to RabbitMQ...
2025/11/26 21:54:44 [ERROR] Failed to connect to RabbitMQ server: failed to connect to RabbitMQ server: parse "amqp://<username>:<password>@<host>:<port>/<vhost>": invalid port ":<port>" after host. Retrying...
2025/11/26 21:54:49 [INFO] Attempting to connect to RabbitMQ...
2025/11/26 21:54:49 [ERROR] Failed to connect to RabbitMQ server: failed to connect to RabbitMQ server: parse "amqp://<username>:<password>@<host>:<port>/<vhost>": invalid port ":<port>" after host. Retrying...
2025/11/26 21:54:54 [INFO] Attempting to connect to RabbitMQ...
2025/11/26 21:54:54 [ERROR] Failed to connect to RabbitMQ server: failed to connect to RabbitMQ server: parse "amqp://<username>:<password>@<host>:<port>/<vhost>": invalid port ":<port>" after host. Retrying...
2025/11/26 21:54:59 [INFO] Attempting to connect to RabbitMQ...
2025/11/26 21:54:59 [ERROR] Failed to connect to RabbitMQ server: failed to connect to RabbitMQ server: parse "amqp://<username>:<password>@<host>:<port>/<vhost>": invalid port ":<port>" after host. Retrying...
2025/11/26 21:55:04 [INFO] Attempting to connect to RabbitMQ...
2025/11/26 21:55:04 [ERROR] Failed to connect to RabbitMQ server: failed to connect to RabbitMQ server: parse "amqp://<username>:<password>@<host>:<port>/<vhost>": invalid port ":<port>" after host. Retrying...
🔄🔄🔄 Attempting to connect to MongoDB...
⏳ Retrying MongoDB connection in 1m0s
2025/11/26 21:55:09 [INFO] Attempting to connect to RabbitMQ...
2025/11/26 21:55:09 [ERROR] Failed to connect to RabbitMQ server: failed to connect to RabbitMQ server: parse "amqp://<username>:<password>@<host>:<port>/<vhost>": invalid port ":<port>" after host. Retrying...
2025/11/26 21:56:36 [INFO] Attempting to connect to RabbitMQ...
2025/11/26 21:56:36 [ERROR] Failed to connect to RabbitMQ server: failed to connect to RabbitMQ server: parse "amqp://<username>:<password>@<host>:<port>/<vhost>": invalid port ":<port>" after host. Retrying...
2025/11/26 21:56:41 [INFO] Attempting to connect to RabbitMQ...
2025/11/26 21:56:41 [ERROR] Failed to connect to RabbitMQ server: failed to connect to RabbitMQ server: parse "amqp://<username>:<password>@<host>:<port>/<vhost>": invalid port ":<port>" after host. Retrying...
2025/11/26 21:56:46 [INFO] Attempting to connect to RabbitMQ...
2025/11/26 21:56:46 [ERROR] Failed to connect to RabbitMQ server: failed to connect to RabbitMQ server: parse "amqp://<username>:<password>@<host>:<port>/<vhost>": invalid port ":<port>" after host. Retrying...
2025/11/26 21:56:51 [INFO] Attempting to connect to RabbitMQ...
2025/11/26 21:56:51 [ERROR] Failed to connect to RabbitMQ server: failed to connect to RabbitMQ server: parse "amqp://<username>:<password>@<host>:<port>/<vhost>": invalid port ":<port>" after host. Retrying...
2025/11/26 21:56:56 [INFO] Attempting to connect to RabbitMQ...
2025/11/26 21:56:56 [ERROR] Failed to connect to RabbitMQ server: failed to connect to RabbitMQ server: parse "amqp://<username>:<password>@<host>:<port>/<vhost>": invalid port ":<port>" after host. Retrying...
🔄🔄🔄 Attempting to connect to MongoDB...
⏳ Retrying MongoDB connection in 1m0s
2025/11/26 21:57:01 [INFO] Attempting to connect to RabbitMQ...
2025/11/26 21:57:01 [ERROR] Failed to connect to RabbitMQ server: failed to connect to RabbitMQ server: parse "amqp://<username>:<password>@<host>:<port>/<vhost>": invalid port ":<port>" after host. Retrying...
2025/11/26 21:57:07 [INFO] Attempting to connect to RabbitMQ...
2025/11/26 21:57:07 [ERROR] Failed to connect to RabbitMQ server: failed to connect to RabbitMQ server: parse "amqp://<username>:<password>@<host>:<port>/<vhost>": invalid port ":<port>" after host. Retrying...
2025/11/26 21:57:12 [INFO] Attempting to connect to RabbitMQ...
2025/11/26 21:57:12 [ERROR] Failed to connect to RabbitMQ server: failed to connect to RabbitMQ server: parse "amqp://<username>:<password>@<host>:<port>/<vhost>": invalid port ":<port>" after host. Retrying...
2025/11/26 21:57:17 [INFO] Attempting to connect to RabbitMQ...
2025/11/26 21:57:17 [ERROR] Failed to connect to RabbitMQ server: failed to connect to RabbitMQ server: parse "amqp://<username>:<password>@<host>:<port>/<vhost>": invalid port ":<port>" after host. Retrying...
2025/11/26 21:57:22 [INFO] Attempting to connect to RabbitMQ...
2025/11/26 21:57:22 [ERROR] Failed to connect to RabbitMQ server: failed to connect to RabbitMQ server: parse "amqp://<username>:<password>@<host>:<port>/<vhost>": invalid port ":<port>" after host. Retrying...
2025/11/26 21:57:27 [INFO] Attempting to connect to RabbitMQ...
2025/11/26 21:57:27 [ERROR] Failed to connect to RabbitMQ server: failed to connect to RabbitMQ server: parse "amqp://<username>:<password>@<host>:<port>/<vhost>": invalid port ":<port>" after host. Retrying...
🔄🔄🔄 Attempting to connect to MongoDB...
⏳ Retrying MongoDB connection in 1m0s
2025/11/26 21:57:32 [INFO] Attempting to connect to RabbitMQ...
2025/11/26 21:57:32 [ERROR] Failed to connect to RabbitMQ server: failed to connect to RabbitMQ server: parse "amqp://<username>:<password>@<host>:<port>/<vhost>": invalid port ":<port>" after host. Retrying...
2025/11/26 21:57:37 [INFO] Attempting to connect to RabbitMQ...
2025/11/26 21:57:37 [ERROR] Failed to connect to RabbitMQ server: failed to connect to RabbitMQ server: parse "amqp://<username>:<password>@<host>:<port>/<vhost>": invalid port ":<port>" after host. Retrying...
2025/11/26 21:57:42 [INFO] Attempting to connect to RabbitMQ...
2025/11/26 21:57:42 [ERROR] Failed to connect to RabbitMQ server: failed to connect to RabbitMQ server: parse "amqp://<username>:<password>@<host>:<port>/<vhost>": invalid port ":<port>" after host. Retrying...
2025/11/26 21:57:47 [INFO] Attempting to connect to RabbitMQ...
2025/11/26 21:57:47 [ERROR] Failed to connect to RabbitMQ server: failed to connect to RabbitMQ server: parse "amqp://<username>:<password>@<host>:<port>/<vhost>": invalid port ":<port>" after host. Retrying...
2025/11/26 21:57:52 [INFO] Attempting to connect to RabbitMQ...
2025/11/26 21:57:52 [ERROR] Failed to connect to RabbitMQ server: failed to connect to RabbitMQ server: parse "amqp://<username>:<password>@<host>:<port>/<vhost>": invalid port ":<port>" after host. Retrying...
2025/11/26 21:58:02 [INFO] Attempting to connect to RabbitMQ...
2025/11/26 21:58:02 [ERROR] Failed to connect to RabbitMQ server: failed to connect to RabbitMQ server: parse "amqp://<username>:<password>@<host>:<port>/<vhost>": invalid port ":<port>" after host. Retrying...
🔄🔄🔄 Attempting to connect to MongoDB...
⏳ Retrying MongoDB connection in 1m0s
2025/11/26 21:58:07 [INFO] Attempting to connect to RabbitMQ...
2025/11/26 21:58:07 [ERROR] Failed to connect to RabbitMQ server: failed to connect to RabbitMQ server: parse "amqp://<username>:<password>@<host>:<port>/<vhost>": invalid port ":<port>" after host. Retrying...
2025/11/26 21:58:12 [INFO] Attempting to connect to RabbitMQ...
2025/11/26 21:58:12 [ERROR] Failed to connect to RabbitMQ server: failed to connect to RabbitMQ server: parse "amqp://<username>:<password>@<host>:<port>/<vhost>": invalid port ":<port>" after host. Retrying...
2025/11/26 21:58:17 [INFO] Attempting to connect to RabbitMQ...
2025/11/26 21:58:17 [ERROR] Failed to connect to RabbitMQ server: failed to connect to RabbitMQ server: parse "amqp://<username>:<password>@<host>:<port>/<vhost>": invalid port ":<port>" after host. Retrying...
2025/11/26 21:58:22 [INFO] Attempting to connect to RabbitMQ...
2025/11/26 21:58:22 [ERROR] Failed to connect to RabbitMQ server: failed to connect to RabbitMQ server: parse "amqp://<username>:<password>@<host>:<port>/<vhost>": invalid port ":<port>" after host. Retrying...
2025/11/26 21:58:27 [INFO] Attempting to connect to RabbitMQ...
2025/11/26 21:58:27 [ERROR] Failed to connect to RabbitMQ server: failed to connect to RabbitMQ server: parse "amqp://<username>:<password>@<host>:<port>/<vhost>": invalid port ":<port>" after host. Retrying...
2025/11/26 21:58:35 [INFO] Attempting to connect to RabbitMQ...
2025/11/26 21:58:35 [ERROR] Failed to connect to RabbitMQ server: failed to connect to RabbitMQ server: parse "amqp://<username>:<password>@<host>:<port>/<vhost>": invalid port ":<port>" after host. Retrying...
🔄🔄🔄 Attempting to connect to MongoDB...
⏳ Retrying MongoDB connection in 1m0s
2025/11/26 21:58:40 [INFO] Attempting to connect to RabbitMQ...
2025/11/26 21:58:40 [ERROR] Failed to connect to RabbitMQ server: failed to connect to RabbitMQ server: parse "amqp://<username>:<password>@<host>:<port>/<vhost>": invalid port ":<port>" after host. Retrying...
2025/11/26 21:58:45 [INFO] Attempting to connect to RabbitMQ...
2025/11/26 21:58:45 [ERROR] Failed to connect to RabbitMQ server: failed to connect to RabbitMQ server: parse "amqp://<username>:<password>@<host>:<port>/<vhost>": invalid port ":<port>" after host. Retrying...
2025/11/26 21:58:50 [INFO] Attempting to connect to RabbitMQ...
2025/11/26 21:58:50 [ERROR] Failed to connect to RabbitMQ server: failed to connect to RabbitMQ server: parse "amqp://<username>:<password>@<host>:<port>/<vhost>": invalid port ":<port>" after host. Retrying...
2025/11/26 21:58:55 [INFO] Attempting to connect to RabbitMQ...
2025/11/26 21:58:55 [ERROR] Failed to connect to RabbitMQ server: failed to connect to RabbitMQ server: parse "amqp://<username>:<password>@<host>:<port>/<vhost>": invalid port ":<port>" after host. Retrying...
2025/11/26 21:59:00 [INFO] Attempting to connect to RabbitMQ...
2025/11/26 21:59:00 [ERROR] Failed to connect to RabbitMQ server: failed to connect to RabbitMQ server: parse "amqp://<username>:<password>@<host>:<port>/<vhost>": invalid port ":<port>" after host. Retrying...
2025/11/26 21:59:05 [INFO] Attempting to connect to RabbitMQ...
2025/11/26 21:59:05 [ERROR] Failed to connect to RabbitMQ server: failed to connect to RabbitMQ server: parse "amqp://<username>:<password>@<host>:<port>/<vhost>": invalid port ":<port>" after host. Retrying...
🔄🔄🔄 Attempting to connect to MongoDB...
⏳ Retrying MongoDB connection in 1m0s
2025/11/26 21:59:13 [INFO] Attempting to connect to RabbitMQ...
2025/11/26 21:59:13 [ERROR] Failed to connect to RabbitMQ server: failed to connect to RabbitMQ server: parse "amqp://<username>:<password>@<host>:<port>/<vhost>": invalid port ":<port>" after host. Retrying...
2025/11/26 21:59:18 [INFO] Attempting to connect to RabbitMQ...
2025/11/26 21:59:18 [ERROR] Failed to connect to RabbitMQ server: failed to connect to RabbitMQ server: parse "amqp://<username>:<password>@<host>:<port>/<vhost>": invalid port ":<port>" after host. Retrying...
2025/11/26 21:59:23 [INFO] Attempting to connect to RabbitMQ...
2025/11/26 21:59:23 [ERROR] Failed to connect to RabbitMQ server: failed to connect to RabbitMQ server: parse "amqp://<username>:<password>@<host>:<port>/<vhost>": invalid port ":<port>" after host. Retrying...
2025/11/26 21:59:28 [INFO] Attempting to connect to RabbitMQ...
2025/11/26 21:59:28 [ERROR] Failed to connect to RabbitMQ server: failed to connect to RabbitMQ server: parse "amqp://<username>:<password>@<host>:<port>/<vhost>": invalid port ":<port>" after host. Retrying...
2025/11/26 21:59:33 [INFO] Attempting to connect to RabbitMQ...
2025/11/26 21:59:33 [ERROR] Failed to connect to RabbitMQ server: failed to connect to RabbitMQ server: parse "amqp://<username>:<password>@<host>:<port>/<vhost>": invalid port ":<port>" after host. Retrying...
2025/11/26 21:59:38 [INFO] Attempting to connect to RabbitMQ...
2025/11/26 21:59:38 [ERROR] Failed to connect to RabbitMQ server: failed to connect to RabbitMQ server: parse "amqp://<username>:<password>@<host>:<port>/<vhost>": invalid port ":<port>" after host. Retrying...
🔄🔄🔄 Attempting to connect to MongoDB...
⏳ Retrying MongoDB connection in 1m0s
2025/11/26 21:59:46 [INFO] Attempting to connect to RabbitMQ...
2025/11/26 21:59:46 [ERROR] Failed to connect to RabbitMQ server: failed to connect to RabbitMQ server: parse "amqp://<username>:<password>@<host>:<port>/<vhost>": invalid port ":<port>" after host. Retrying...
2025/11/26 21:59:51 [INFO] Attempting to connect to RabbitMQ...
2025/11/26 21:59:51 [ERROR] Failed to connect to RabbitMQ server: failed to connect to RabbitMQ server: parse "amqp://<username>:<password>@<host>:<port>/<vhost>": invalid port ":<port>" after host. Retrying...
2025/11/26 21:59:56 [INFO] Attempting to connect to RabbitMQ...
2025/11/26 21:59:56 [ERROR] Failed to connect to RabbitMQ server: failed to connect to RabbitMQ server: parse "amqp://<username>:<password>@<host>:<port>/<vhost>": invalid port ":<port>" after host. Retrying...
2025/11/26 22:00:01 [INFO] Attempting to connect to RabbitMQ...
2025/11/26 22:00:01 [ERROR] Failed to connect to RabbitMQ server: failed to connect to RabbitMQ server: parse "amqp://<username>:<password>@<host>:<port>/<vhost>": invalid port ":<port>" after host. Retrying...
2025/11/26 22:00:06 [INFO] Attempting to connect to RabbitMQ...
2025/11/26 22:00:06 [ERROR] Failed to connect to RabbitMQ server: failed to connect to RabbitMQ server: parse "amqp://<username>:<password>@<host>:<port>/<vhost>": invalid port ":<port>" after host. Retrying...
2025/11/26 22:00:11 [INFO] Attempting to connect to RabbitMQ...
2025/11/26 22:00:11 [ERROR] Failed to connect to RabbitMQ server: failed to connect to RabbitMQ server: parse "amqp://<username>:<password>@<host>:<port>/<vhost>": invalid port ":<port>" after host. Retrying...
🔄🔄🔄 Attempting to connect to MongoDB...
⏳ Retrying MongoDB connection in 1m0s
2025/11/26 22:00:16 [INFO] Attempting to connect to RabbitMQ...
2025/11/26 22:00:16 [ERROR] Failed to connect to RabbitMQ server: failed to connect to RabbitMQ server: parse "amqp://<username>:<password>@<host>:<port>/<vhost>": invalid port ":<port>" after host. Retrying...
2025/11/26 22:00:23 [INFO] Attempting to connect to RabbitMQ...
2025/11/26 22:00:23 [ERROR] Failed to connect to RabbitMQ server: failed to connect to RabbitMQ server: parse "amqp://<username>:<password>@<host>:<port>/<vhost>": invalid port ":<port>" after host. Retrying...
2025/11/26 22:00:28 [INFO] Attempting to connect to RabbitMQ...
2025/11/26 22:00:28 [ERROR] Failed to connect to RabbitMQ server: failed to connect to RabbitMQ server: parse "amqp://<username>:<password>@<host>:<port>/<vhost>": invalid port ":<port>" after host. Retrying...
2025/11/26 22:00:33 [INFO] Attempting to connect to RabbitMQ...
2025/11/26 22:00:33 [ERROR] Failed to connect to RabbitMQ server: failed to connect to RabbitMQ server: parse "amqp://<username>:<password>@<host>:<port>/<vhost>": invalid port ":<port>" after host. Retrying...
2025/11/26 22:00:38 [INFO] Attempting to connect to RabbitMQ...
2025/11/26 22:00:38 [ERROR] Failed to connect to RabbitMQ server: failed to connect to RabbitMQ server: parse "amqp://<username>:<password>@<host>:<port>/<vhost>": invalid port ":<port>" after host. Retrying...
2025/11/26 22:00:43 [INFO] Attempting to connect to RabbitMQ...
2025/11/26 22:00:43 [ERROR] Failed to connect to RabbitMQ server: failed to connect to RabbitMQ server: parse "amqp://<username>:<password>@<host>:<port>/<vhost>": invalid port ":<port>" after host. Retrying...
🔄🔄🔄 Attempting to connect to MongoDB...
⏳ Retrying MongoDB connection in 1m0s
2025/11/26 22:00:48 [INFO] Attempting to connect to RabbitMQ...
2025/11/26 22:00:48 [ERROR] Failed to connect to RabbitMQ server: failed to connect to RabbitMQ server: parse "amqp://<username>:<password>@<host>:<port>/<vhost>": invalid port ":<port>" after host. Retrying...
2025/11/26 22:00:56 [INFO] Attempting to connect to RabbitMQ...
2025/11/26 22:00:56 [ERROR] Failed to connect to RabbitMQ server: failed to connect to RabbitMQ server: parse "amqp://<username>:<password>@<host>:<port>/<vhost>": invalid port ":<port>" after host. Retrying...
2025/11/26 22:01:01 [INFO] Attempting to connect to RabbitMQ...
2025/11/26 22:01:01 [ERROR] Failed to connect to RabbitMQ server: failed to connect to RabbitMQ server: parse "amqp://<username>:<password>@<host>:<port>/<vhost>": invalid port ":<port>" after host. Retrying...
2025/11/26 22:01:06 [INFO] Attempting to connect to RabbitMQ...
2025/11/26 22:01:06 [ERROR] Failed to connect to RabbitMQ server: failed to connect to RabbitMQ server: parse "amqp://<username>:<password>@<host>:<port>/<vhost>": invalid port ":<port>" after host. Retrying...
2025/11/26 22:01:11 [INFO] Attempting to connect to RabbitMQ...
2025/11/26 22:01:11 [ERROR] Failed to connect to RabbitMQ server: failed to connect to RabbitMQ server: parse "amqp://<username>:<password>@<host>:<port>/<vhost>": invalid port ":<port>" after host. Retrying...
2025/11/26 22:01:16 [INFO] Attempting to connect to RabbitMQ...
2025/11/26 22:01:16 [ERROR] Failed to connect to RabbitMQ server: failed to connect to RabbitMQ server: parse "amqp://<username>:<password>@<host>:<port>/<vhost>": invalid port ":<port>" after host. Retrying...
🔄🔄🔄 Attempting to connect to MongoDB...
⏳ Retrying MongoDB connection in 1m0s
2025/11/26 22:01:21 [INFO] Attempting to connect to RabbitMQ...
2025/11/26 22:01:21 [ERROR] Failed to connect to RabbitMQ server: failed to connect to RabbitMQ server: parse "amqp://<username>:<password>@<host>:<port>/<vhost>": invalid port ":<port>" after host. Retrying...
2025/11/26 22:01:26 [INFO] Attempting to connect to RabbitMQ...
2025/11/26 22:01:26 [ERROR] Failed to connect to RabbitMQ server: failed to connect to RabbitMQ server: parse "amqp://<username>:<password>@<host>:<port>/<vhost>": invalid port ":<port>" after host. Retrying...
2025/11/26 22:01:49 [INFO] Attempting to connect to RabbitMQ...
2025/11/26 22:01:49 [ERROR] Failed to connect to RabbitMQ server: failed to connect to RabbitMQ server: parse "amqp://<username>:<password>@<host>:<port>/<vhost>": invalid port ":<port>" after host. Retrying...
2025/11/26 22:01:54 [INFO] Attempting to connect to RabbitMQ...
2025/11/26 22:01:54 [ERROR] Failed to connect to RabbitMQ server: failed to connect to RabbitMQ server: parse "amqp://<username>:<password>@<host>:<port>/<vhost>": invalid port ":<port>" after host. Retrying...
2025/11/26 22:01:59 [INFO] Attempting to connect to RabbitMQ...
2025/11/26 22:01:59 [ERROR] Failed to connect to RabbitMQ server: failed to connect to RabbitMQ server: parse "amqp://<username>:<password>@<host>:<port>/<vhost>": invalid port ":<port>" after host. Retrying...
2025/11/26 22:02:04 [INFO] Attempting to connect to RabbitMQ...
2025/11/26 22:02:04 [ERROR] Failed to connect to RabbitMQ server: failed to connect to RabbitMQ server: parse "amqp://<username>:<password>@<host>:<port>/<vhost>": invalid port ":<port>" after host. Retrying...
🔄🔄🔄 Attempting to connect to MongoDB...
⏳ Retrying MongoDB connection in 1m0s
2025/11/26 22:02:09 [INFO] Attempting to connect to RabbitMQ...
2025/11/26 22:02:09 [ERROR] Failed to connect to RabbitMQ server: failed to connect to RabbitMQ server: parse "amqp://<username>:<password>@<host>:<port>/<vhost>": invalid port ":<port>" after host. Retrying...
2025/11/26 22:02:14 [INFO] Attempting to connect to RabbitMQ...
2025/11/26 22:02:14 [ERROR] Failed to connect to RabbitMQ server: failed to connect to RabbitMQ server: parse "amqp://<username>:<password>@<host>:<port>/<vhost>": invalid port ":<port>" after host. Retrying...
2025/11/26 22:02:20 [INFO] Attempting to connect to RabbitMQ...
2025/11/26 22:02:20 [ERROR] Failed to connect to RabbitMQ server: failed to connect to RabbitMQ server: parse "amqp://<username>:<password>@<host>:<port>/<vhost>": invalid port ":<port>" after host. Retrying...
2025/11/26 22:02:25 [INFO] Attempting to connect to RabbitMQ...
2025/11/26 22:02:25 [ERROR] Failed to connect to RabbitMQ server: failed to connect to RabbitMQ server: parse "amqp://<username>:<password>@<host>:<port>/<vhost>": invalid port ":<port>" after host. Retrying...
2025/11/26 22:02:30 [INFO] Attempting to connect to RabbitMQ...
2025/11/26 22:02:30 [ERROR] Failed to connect to RabbitMQ server: failed to connect to RabbitMQ server: parse "amqp://<username>:<password>@<host>:<port>/<vhost>": invalid port ":<port>" after host. Retrying...
2025/11/26 22:02:35 [INFO] Attempting to connect to RabbitMQ...
2025/11/26 22:02:35 [ERROR] Failed to connect to RabbitMQ server: failed to connect to RabbitMQ server: parse "amqp://<username>:<password>@<host>:<port>/<vhost>": invalid port ":<port>" after host. Retrying...
🔄🔄🔄 Attempting to connect to MongoDB...
⏳ Retrying MongoDB connection in 1m0s
2025/11/26 22:02:40 [INFO] Attempting to connect to RabbitMQ...
2025/11/26 22:02:40 [ERROR] Failed to connect to RabbitMQ server: failed to connect to RabbitMQ server: parse "amqp://<username>:<password>@<host>:<port>/<vhost>": invalid port ":<port>" after host. Retrying...
2025/11/26 22:02:45 [INFO] Attempting to connect to RabbitMQ...
2025/11/26 22:02:45 [ERROR] Failed to connect to RabbitMQ server: failed to connect to RabbitMQ server: parse "amqp://<username>:<password>@<host>:<port>/<vhost>": invalid port ":<port>" after host. Retrying...
2025/11/26 22:02:50 [INFO] Attempting to connect to RabbitMQ...
2025/11/26 22:02:50 [ERROR] Failed to connect to RabbitMQ server: failed to connect to RabbitMQ server: parse "amqp://<username>:<password>@<host>:<port>/<vhost>": invalid port ":<port>" after host. Retrying...
2025/11/26 22:02:55 [INFO] Attempting to connect to RabbitMQ...
2025/11/26 22:02:55 [ERROR] Failed to connect to RabbitMQ server: failed to connect to RabbitMQ server: parse "amqp://<username>:<password>@<host>:<port>/<vhost>": invalid port ":<port>" after host. Retrying...
2025/11/26 22:03:00 [INFO] Attempting to connect to RabbitMQ...
2025/11/26 22:03:00 [ERROR] Failed to connect to RabbitMQ server: failed to connect to RabbitMQ server: parse "amqp://<username>:<password>@<host>:<port>/<vhost>": invalid port ":<port>" after host. Retrying...
2025/11/26 22:03:05 [INFO] Attempting to connect to RabbitMQ...
2025/11/26 22:03:05 [ERROR] Failed to connect to RabbitMQ server: failed to connect to RabbitMQ server: parse "amqp://<username>:<password>@<host>:<port>/<vhost>": invalid port ":<port>" after host. Retrying...
🔄🔄🔄 Attempting to connect to MongoDB...
⏳ Retrying MongoDB connection in 1m0s
2025/11/26 22:03:14 [INFO] Attempting to connect to RabbitMQ...
2025/11/26 22:03:14 [ERROR] Failed to connect to RabbitMQ server: failed to connect to RabbitMQ server: parse "amqp://<username>:<password>@<host>:<port>/<vhost>": invalid port ":<port>" after host. Retrying...
2025/11/26 22:03:19 [INFO] Attempting to connect to RabbitMQ...
2025/11/26 22:03:19 [ERROR] Failed to connect to RabbitMQ server: failed to connect to RabbitMQ server: parse "amqp://<username>:<password>@<host>:<port>/<vhost>": invalid port ":<port>" after host. Retrying...
2025/11/26 22:03:24 [INFO] Attempting to connect to RabbitMQ...
2025/11/26 22:03:24 [ERROR] Failed to connect to RabbitMQ server: failed to connect to RabbitMQ server: parse "amqp://<username>:<password>@<host>:<port>/<vhost>": invalid port ":<port>" after host. Retrying...
2025/11/26 22:03:29 [INFO] Attempting to connect to RabbitMQ...
2025/11/26 22:03:29 [ERROR] Failed to connect to RabbitMQ server: failed to connect to RabbitMQ server: parse "amqp://<username>:<password>@<host>:<port>/<vhost>": invalid port ":<port>" after host. Retrying...
2025/11/26 22:03:34 [INFO] Attempting to connect to RabbitMQ...
2025/11/26 22:03:34 [ERROR] Failed to connect to RabbitMQ server: failed to connect to RabbitMQ server: parse "amqp://<username>:<password>@<host>:<port>/<vhost>": invalid port ":<port>" after host. Retrying...
2025/11/26 22:03:39 [INFO] Attempting to connect to RabbitMQ...
2025/11/26 22:03:39 [ERROR] Failed to connect to RabbitMQ server: failed to connect to RabbitMQ server: parse "amqp://<username>:<password>@<host>:<port>/<vhost>": invalid port ":<port>" after host. Retrying...
🔄🔄🔄 Attempting to connect to MongoDB...
⏳ Retrying MongoDB connection in 1m0s
2025/11/26 22:03:47 [INFO] Attempting to connect to RabbitMQ...
2025/11/26 22:03:47 [ERROR] Failed to connect to RabbitMQ server: failed to connect to RabbitMQ server: parse "amqp://<username>:<password>@<host>:<port>/<vhost>": invalid port ":<port>" after host. Retrying...
2025/11/26 22:03:52 [INFO] Attempting to connect to RabbitMQ...
2025/11/26 22:03:52 [ERROR] Failed to connect to RabbitMQ server: failed to connect to RabbitMQ server: parse "amqp://<username>:<password>@<host>:<port>/<vhost>": invalid port ":<port>" after host. Retrying...

2025/11/26 22:03:54 [31;1m/home/franz/telex_be/internal/models/user.go:113 [35;1mERROR: relation "users" does not exist (SQLSTATE 42P01)
[0m[33m[14.403ms] [34;1m[rows:0][0m SELECT * FROM "users" WHERE email = 'testfileuser72211ac5-ca4e-4c4c-a468-7eeb299ad58d@qa.team' AND "users"."deleted_at" IS NULL ORDER BY "users"."id" LIMIT 1
2025/11/26 22:03:57 [INFO] Attempting to connect to RabbitMQ...
2025/11/26 22:03:57 [ERROR] Failed to connect to RabbitMQ server: failed to connect to RabbitMQ server: parse "amqp://<username>:<password>@<host>:<port>/<vhost>": invalid port ":<port>" after host. Retrying...
2025/11/26 22:04:02 [INFO] Attempting to connect to RabbitMQ...
2025/11/26 22:04:02 [ERROR] Failed to connect to RabbitMQ server: failed to connect to RabbitMQ server: parse "amqp://<username>:<password>@<host>:<port>/<vhost>": invalid port ":<port>" after host. Retrying...
2025/11/26 22:04:07 [INFO] Attempting to connect to RabbitMQ...
2025/11/26 22:04:07 [ERROR] Failed to connect to RabbitMQ server: failed to connect to RabbitMQ server: parse "amqp://<username>:<password>@<host>:<port>/<vhost>": invalid port ":<port>" after host. Retrying...
2025/11/26 22:04:12 [INFO] Attempting to connect to RabbitMQ...
2025/11/26 22:04:12 [ERROR] Failed to connect to RabbitMQ server: failed to connect to RabbitMQ server: parse "amqp://<username>:<password>@<host>:<port>/<vhost>": invalid port ":<port>" after host. Retrying...
🔄🔄🔄 Attempting to connect to MongoDB...
⏳ Retrying MongoDB connection in 1m0s
2025/11/26 22:04:17 [INFO] Attempting to connect to RabbitMQ...
2025/11/26 22:04:17 [ERROR] Failed to connect to RabbitMQ server: failed to connect to RabbitMQ server: parse "amqp://<username>:<password>@<host>:<port>/<vhost>": invalid port ":<port>" after host. Retrying...
2025/11/26 22:04:24 [INFO] Attempting to connect to RabbitMQ...
2025/11/26 22:04:24 [ERROR] Failed to connect to RabbitMQ server: failed to connect to RabbitMQ server: parse "amqp://<username>:<password>@<host>:<port>/<vhost>": invalid port ":<port>" after host. Retrying...
2025/11/26 22:04:29 [INFO] Attempting to connect to RabbitMQ...
2025/11/26 22:04:29 [ERROR] Failed to connect to RabbitMQ server: failed to connect to RabbitMQ server: parse "amqp://<username>:<password>@<host>:<port>/<vhost>": invalid port ":<port>" after host. Retrying...
2025/11/26 22:04:34 [INFO] Attempting to connect to RabbitMQ...
2025/11/26 22:04:34 [ERROR] Failed to connect to RabbitMQ server: failed to connect to RabbitMQ server: parse "amqp://<username>:<password>@<host>:<port>/<vhost>": invalid port ":<port>" after host. Retrying...
2025/11/26 22:04:39 [INFO] Attempting to connect to RabbitMQ...
2025/11/26 22:04:39 [ERROR] Failed to connect to RabbitMQ server: failed to connect to RabbitMQ server: parse "amqp://<username>:<password>@<host>:<port>/<vhost>": invalid port ":<port>" after host. Retrying...
2025/11/26 22:04:44 [INFO] Attempting to connect to RabbitMQ...
2025/11/26 22:04:44 [ERROR] Failed to connect to RabbitMQ server: failed to connect to RabbitMQ server: parse "amqp://<username>:<password>@<host>:<port>/<vhost>": invalid port ":<port>" after host. Retrying...
🔄🔄🔄 Attempting to connect to MongoDB...
⏳ Retrying MongoDB connection in 1m0s
2025/11/26 22:04:49 [INFO] Attempting to connect to RabbitMQ...
2025/11/26 22:04:49 [ERROR] Failed to connect to RabbitMQ server: failed to connect to RabbitMQ server: parse "amqp://<username>:<password>@<host>:<port>/<vhost>": invalid port ":<port>" after host. Retrying...
2025/11/26 22:04:54 [INFO] Attempting to connect to RabbitMQ...
2025/11/26 22:04:54 [ERROR] Failed to connect to RabbitMQ server: failed to connect to RabbitMQ server: parse "amqp://<username>:<password>@<host>:<port>/<vhost>": invalid port ":<port>" after host. Retrying...
2025/11/26 22:04:59 [INFO] Attempting to connect to RabbitMQ...
2025/11/26 22:04:59 [ERROR] Failed to connect to RabbitMQ server: failed to connect to RabbitMQ server: parse "amqp://<username>:<password>@<host>:<port>/<vhost>": invalid port ":<port>" after host. Retrying...
2025/11/26 22:05:04 [INFO] Attempting to connect to RabbitMQ...
2025/11/26 22:05:04 [ERROR] Failed to connect to RabbitMQ server: failed to connect to RabbitMQ server: parse "amqp://<username>:<password>@<host>:<port>/<vhost>": invalid port ":<port>" after host. Retrying...
2025/11/26 22:05:14 [INFO] Attempting to connect to RabbitMQ...
2025/11/26 22:05:14 [ERROR] Failed to connect to RabbitMQ server: failed to connect to RabbitMQ server: parse "amqp://<username>:<password>@<host>:<port>/<vhost>": invalid port ":<port>" after host. Retrying...
2025/11/26 22:05:19 [INFO] Attempting to connect to RabbitMQ...
2025/11/26 22:05:19 [ERROR] Failed to connect to RabbitMQ server: failed to connect to RabbitMQ server: parse "amqp://<username>:<password>@<host>:<port>/<vhost>": invalid port ":<port>" after host. Retrying...
🔄🔄🔄 Attempting to connect to MongoDB...
⏳ Retrying MongoDB connection in 1m0s
2025/11/26 22:05:24 [INFO] Attempting to connect to RabbitMQ...
2025/11/26 22:05:24 [ERROR] Failed to connect to RabbitMQ server: failed to connect to RabbitMQ server: parse "amqp://<username>:<password>@<host>:<port>/<vhost>": invalid port ":<port>" after host. Retrying...
2025/11/26 22:05:29 [INFO] Attempting to connect to RabbitMQ...
2025/11/26 22:05:29 [ERROR] Failed to connect to RabbitMQ server: failed to connect to RabbitMQ server: parse "amqp://<username>:<password>@<host>:<port>/<vhost>": invalid port ":<port>" after host. Retrying...
2025/11/26 22:05:34 [INFO] Attempting to connect to RabbitMQ...
2025/11/26 22:05:34 [ERROR] Failed to connect to RabbitMQ server: failed to connect to RabbitMQ server: parse "amqp://<username>:<password>@<host>:<port>/<vhost>": invalid port ":<port>" after host. Retrying...
2025/11/26 22:05:39 [INFO] Attempting to connect to RabbitMQ...
2025/11/26 22:05:39 [ERROR] Failed to connect to RabbitMQ server: failed to connect to RabbitMQ server: parse "amqp://<username>:<password>@<host>:<port>/<vhost>": invalid port ":<port>" after host. Retrying...
2025/11/26 22:05:44 [INFO] Attempting to connect to RabbitMQ...
2025/11/26 22:05:44 [ERROR] Failed to connect to RabbitMQ server: failed to connect to RabbitMQ server: parse "amqp://<username>:<password>@<host>:<port>/<vhost>": invalid port ":<port>" after host. Retrying...
2025/11/26 22:05:52 [INFO] Attempting to connect to RabbitMQ...
2025/11/26 22:05:52 [ERROR] Failed to connect to RabbitMQ server: failed to connect to RabbitMQ server: parse "amqp://<username>:<password>@<host>:<port>/<vhost>": invalid port ":<port>" after host. Retrying...
🔄🔄🔄 Attempting to connect to MongoDB...
⏳ Retrying MongoDB connection in 1m0s
2025/11/26 22:05:57 [INFO] Attempting to connect to RabbitMQ...
2025/11/26 22:05:57 [ERROR] Failed to connect to RabbitMQ server: failed to connect to RabbitMQ server: parse "amqp://<username>:<password>@<host>:<port>/<vhost>": invalid port ":<port>" after host. Retrying...
2025/11/26 22:06:02 [INFO] Attempting to connect to RabbitMQ...
2025/11/26 22:06:02 [ERROR] Failed to connect to RabbitMQ server: failed to connect to RabbitMQ server: parse "amqp://<username>:<password>@<host>:<port>/<vhost>": invalid port ":<port>" after host. Retrying...
2025/11/26 22:06:07 [INFO] Attempting to connect to RabbitMQ...
2025/11/26 22:06:07 [ERROR] Failed to connect to RabbitMQ server: failed to connect to RabbitMQ server: parse "amqp://<username>:<password>@<host>:<port>/<vhost>": invalid port ":<port>" after host. Retrying...
2025/11/26 22:06:12 [INFO] Attempting to connect to RabbitMQ...
2025/11/26 22:06:12 [ERROR] Failed to connect to RabbitMQ server: failed to connect to RabbitMQ server: parse "amqp://<username>:<password>@<host>:<port>/<vhost>": invalid port ":<port>" after host. Retrying...
2025/11/26 22:06:17 [INFO] Attempting to connect to RabbitMQ...
2025/11/26 22:06:17 [ERROR] Failed to connect to RabbitMQ server: failed to connect to RabbitMQ server: parse "amqp://<username>:<password>@<host>:<port>/<vhost>": invalid port ":<port>" after host. Retrying...
2025/11/26 22:06:22 [INFO] Attempting to connect to RabbitMQ...
2025/11/26 22:06:22 [ERROR] Failed to connect to RabbitMQ server: failed to connect to RabbitMQ server: parse "amqp://<username>:<password>@<host>:<port>/<vhost>": invalid port ":<port>" after host. Retrying...
🔄🔄🔄 Attempting to connect to MongoDB...
⏳ Retrying MongoDB connection in 1m0s
2025/11/26 22:06:31 [INFO] Attempting to connect to RabbitMQ...
2025/11/26 22:06:31 [ERROR] Failed to connect to RabbitMQ server: failed to connect to RabbitMQ server: parse "amqp://<username>:<password>@<host>:<port>/<vhost>": invalid port ":<port>" after host. Retrying...
2025/11/26 22:06:36 [INFO] Attempting to connect to RabbitMQ...
2025/11/26 22:06:36 [ERROR] Failed to connect to RabbitMQ server: failed to connect to RabbitMQ server: parse "amqp://<username>:<password>@<host>:<port>/<vhost>": invalid port ":<port>" after host. Retrying...
2025/11/26 22:06:41 [INFO] Attempting to connect to RabbitMQ...
2025/11/26 22:06:41 [ERROR] Failed to connect to RabbitMQ server: failed to connect to RabbitMQ server: parse "amqp://<username>:<password>@<host>:<port>/<vhost>": invalid port ":<port>" after host. Retrying...
2025/11/26 22:06:46 [INFO] Attempting to connect to RabbitMQ...
2025/11/26 22:06:46 [ERROR] Failed to connect to RabbitMQ server: failed to connect to RabbitMQ server: parse "amqp://<username>:<password>@<host>:<port>/<vhost>": invalid port ":<port>" after host. Retrying...
2025/11/26 22:06:51 [INFO] Attempting to connect to RabbitMQ...
2025/11/26 22:06:51 [ERROR] Failed to connect to RabbitMQ server: failed to connect to RabbitMQ server: parse "amqp://<username>:<password>@<host>:<port>/<vhost>": invalid port ":<port>" after host. Retrying...
2025/11/26 22:06:56 [INFO] Attempting to connect to RabbitMQ...
2025/11/26 22:06:56 [ERROR] Failed to connect to RabbitMQ server: failed to connect to RabbitMQ server: parse "amqp://<username>:<password>@<host>:<port>/<vhost>": invalid port ":<port>" after host. Retrying...
🔄🔄🔄 Attempting to connect to MongoDB...
⏳ Retrying MongoDB connection in 1m0s
2025/11/26 22:07:03 [INFO] Attempting to connect to RabbitMQ...
2025/11/26 22:07:03 [ERROR] Failed to connect to RabbitMQ server: failed to connect to RabbitMQ server: parse "amqp://<username>:<password>@<host>:<port>/<vhost>": invalid port ":<port>" after host. Retrying...
2025/11/26 22:07:08 [INFO] Attempting to connect to RabbitMQ...
2025/11/26 22:07:08 [ERROR] Failed to connect to RabbitMQ server: failed to connect to RabbitMQ server: parse "amqp://<username>:<password>@<host>:<port>/<vhost>": invalid port ":<port>" after host. Retrying...
2025/11/26 22:07:13 [INFO] Attempting to connect to RabbitMQ...
2025/11/26 22:07:13 [ERROR] Failed to connect to RabbitMQ server: failed to connect to RabbitMQ server: parse "amqp://<username>:<password>@<host>:<port>/<vhost>": invalid port ":<port>" after host. Retrying...
2025/11/26 22:07:18 [INFO] Attempting to connect to RabbitMQ...
2025/11/26 22:07:18 [ERROR] Failed to connect to RabbitMQ server: failed to connect to RabbitMQ server: parse "amqp://<username>:<password>@<host>:<port>/<vhost>": invalid port ":<port>" after host. Retrying...
2025/11/26 22:07:23 [INFO] Attempting to connect to RabbitMQ...
2025/11/26 22:07:23 [ERROR] Failed to connect to RabbitMQ server: failed to connect to RabbitMQ server: parse "amqp://<username>:<password>@<host>:<port>/<vhost>": invalid port ":<port>" after host. Retrying...
2025/11/26 22:07:28 [INFO] Attempting to connect to RabbitMQ...
2025/11/26 22:07:28 [ERROR] Failed to connect to RabbitMQ server: failed to connect to RabbitMQ server: parse "amqp://<username>:<password>@<host>:<port>/<vhost>": invalid port ":<port>" after host. Retrying...
🔄🔄🔄 Attempting to connect to MongoDB...
⏳ Retrying MongoDB connection in 1m0s
2025/11/26 22:07:33 [INFO] Attempting to connect to RabbitMQ...
2025/11/26 22:07:33 [ERROR] Failed to connect to RabbitMQ server: failed to connect to RabbitMQ server: parse "amqp://<username>:<password>@<host>:<port>/<vhost>": invalid port ":<port>" after host. Retrying...
2025/11/26 22:07:41 [INFO] Attempting to connect to RabbitMQ...
2025/11/26 22:07:41 [ERROR] Failed to connect to RabbitMQ server: failed to connect to RabbitMQ server: parse "amqp://<username>:<password>@<host>:<port>/<vhost>": invalid port ":<port>" after host. Retrying...
2025/11/26 22:07:46 [INFO] Attempting to connect to RabbitMQ...
2025/11/26 22:07:46 [ERROR] Failed to connect to RabbitMQ server: failed to connect to RabbitMQ server: parse "amqp://<username>:<password>@<host>:<port>/<vhost>": invalid port ":<port>" after host. Retrying...
2025/11/26 22:07:51 [INFO] Attempting to connect to RabbitMQ...
2025/11/26 22:07:51 [ERROR] Failed to connect to RabbitMQ server: failed to connect to RabbitMQ server: parse "amqp://<username>:<password>@<host>:<port>/<vhost>": invalid port ":<port>" after host. Retrying...
2025/11/26 22:07:56 [INFO] Attempting to connect to RabbitMQ...
2025/11/26 22:07:56 [ERROR] Failed to connect to RabbitMQ server: failed to connect to RabbitMQ server: parse "amqp://<username>:<password>@<host>:<port>/<vhost>": invalid port ":<port>" after host. Retrying...
2025/11/26 22:08:01 [INFO] Attempting to connect to RabbitMQ...
2025/11/26 22:08:01 [ERROR] Failed to connect to RabbitMQ server: failed to connect to RabbitMQ server: parse "amqp://<username>:<password>@<host>:<port>/<vhost>": invalid port ":<port>" after host. Retrying...
🔄🔄🔄 Attempting to connect to MongoDB...
⏳ Retrying MongoDB connection in 1m0s
2025/11/26 22:08:06 [INFO] Attempting to connect to RabbitMQ...
2025/11/26 22:08:06 [ERROR] Failed to connect to RabbitMQ server: failed to connect to RabbitMQ server: parse "amqp://<username>:<password>@<host>:<port>/<vhost>": invalid port ":<port>" after host. Retrying...
2025/11/26 22:08:14 [INFO] Attempting to connect to RabbitMQ...
2025/11/26 22:08:14 [ERROR] Failed to connect to RabbitMQ server: failed to connect to RabbitMQ server: parse "amqp://<username>:<password>@<host>:<port>/<vhost>": invalid port ":<port>" after host. Retrying...
2025/11/26 22:08:19 [INFO] Attempting to connect to RabbitMQ...
2025/11/26 22:08:19 [ERROR] Failed to connect to RabbitMQ server: failed to connect to RabbitMQ server: parse "amqp://<username>:<password>@<host>:<port>/<vhost>": invalid port ":<port>" after host. Retrying...
2025/11/26 22:08:24 [INFO] Attempting to connect to RabbitMQ...
2025/11/26 22:08:24 [ERROR] Failed to connect to RabbitMQ server: failed to connect to RabbitMQ server: parse "amqp://<username>:<password>@<host>:<port>/<vhost>": invalid port ":<port>" after host. Retrying...
2025/11/26 22:08:29 [INFO] Attempting to connect to RabbitMQ...
2025/11/26 22:08:29 [ERROR] Failed to connect to RabbitMQ server: failed to connect to RabbitMQ server: parse "amqp://<username>:<password>@<host>:<port>/<vhost>": invalid port ":<port>" after host. Retrying...
2025/11/26 22:08:34 [INFO] Attempting to connect to RabbitMQ...
2025/11/26 22:08:34 [ERROR] Failed to connect to RabbitMQ server: failed to connect to RabbitMQ server: parse "amqp://<username>:<password>@<host>:<port>/<vhost>": invalid port ":<port>" after host. Retrying...
🔄🔄🔄 Attempting to connect to MongoDB...
⏳ Retrying MongoDB connection in 1m0s
2025/11/26 22:08:39 [INFO] Attempting to connect to RabbitMQ...
2025/11/26 22:08:39 [ERROR] Failed to connect to RabbitMQ server: failed to connect to RabbitMQ server: parse "amqp://<username>:<password>@<host>:<port>/<vhost>": invalid port ":<port>" after host. Retrying...
2025/11/26 22:08:44 [INFO] Attempting to connect to RabbitMQ...
2025/11/26 22:08:44 [ERROR] Failed to connect to RabbitMQ server: failed to connect to RabbitMQ server: parse "amqp://<username>:<password>@<host>:<port>/<vhost>": invalid port ":<port>" after host. Retrying...
2025/11/26 22:08:52 [INFO] Attempting to connect to RabbitMQ...
2025/11/26 22:08:52 [ERROR] Failed to connect to RabbitMQ server: failed to connect to RabbitMQ server: parse "amqp://<username>:<password>@<host>:<port>/<vhost>": invalid port ":<port>" after host. Retrying...
2025/11/26 22:08:57 [INFO] Attempting to connect to RabbitMQ...
2025/11/26 22:08:57 [ERROR] Failed to connect to RabbitMQ server: failed to connect to RabbitMQ server: parse "amqp://<username>:<password>@<host>:<port>/<vhost>": invalid port ":<port>" after host. Retrying...
2025/11/26 22:09:02 [INFO] Attempting to connect to RabbitMQ...
2025/11/26 22:09:02 [ERROR] Failed to connect to RabbitMQ server: failed to connect to RabbitMQ server: parse "amqp://<username>:<password>@<host>:<port>/<vhost>": invalid port ":<port>" after host. Retrying...
2025/11/26 22:09:07 [INFO] Attempting to connect to RabbitMQ...
2025/11/26 22:09:07 [ERROR] Failed to connect to RabbitMQ server: failed to connect to RabbitMQ server: parse "amqp://<username>:<password>@<host>:<port>/<vhost>": invalid port ":<port>" after host. Retrying...
🔄🔄🔄 Attempting to connect to MongoDB...
⏳ Retrying MongoDB connection in 1m0s
2025/11/26 22:09:12 [INFO] Attempting to connect to RabbitMQ...
2025/11/26 22:09:12 [ERROR] Failed to connect to RabbitMQ server: failed to connect to RabbitMQ server: parse "amqp://<username>:<password>@<host>:<port>/<vhost>": invalid port ":<port>" after host. Retrying...
2025/11/26 22:09:17 [INFO] Attempting to connect to RabbitMQ...
2025/11/26 22:09:17 [ERROR] Failed to connect to RabbitMQ server: failed to connect to RabbitMQ server: parse "amqp://<username>:<password>@<host>:<port>/<vhost>": invalid port ":<port>" after host. Retrying...
2025/11/26 22:09:25 [INFO] Attempting to connect to RabbitMQ...
2025/11/26 22:09:25 [ERROR] Failed to connect to RabbitMQ server: failed to connect to RabbitMQ server: parse "amqp://<username>:<password>@<host>:<port>/<vhost>": invalid port ":<port>" after host. Retrying...
2025/11/26 22:09:30 [INFO] Attempting to connect to RabbitMQ...
2025/11/26 22:09:30 [ERROR] Failed to connect to RabbitMQ server: failed to connect to RabbitMQ server: parse "amqp://<username>:<password>@<host>:<port>/<vhost>": invalid port ":<port>" after host. Retrying...
2025/11/26 22:09:35 [INFO] Attempting to connect to RabbitMQ...
2025/11/26 22:09:35 [ERROR] Failed to connect to RabbitMQ server: failed to connect to RabbitMQ server: parse "amqp://<username>:<password>@<host>:<port>/<vhost>": invalid port ":<port>" after host. Retrying...
2025/11/26 22:09:40 [INFO] Attempting to connect to RabbitMQ...
2025/11/26 22:09:40 [ERROR] Failed to connect to RabbitMQ server: failed to connect to RabbitMQ server: parse "amqp://<username>:<password>@<host>:<port>/<vhost>": invalid port ":<port>" after host. Retrying...
🔄🔄🔄 Attempting to connect to MongoDB...
⏳ Retrying MongoDB connection in 1m0s
2025/11/26 22:09:45 [INFO] Attempting to connect to RabbitMQ...
2025/11/26 22:09:45 [ERROR] Failed to connect to RabbitMQ server: failed to connect to RabbitMQ server: parse "amqp://<username>:<password>@<host>:<port>/<vhost>": invalid port ":<port>" after host. Retrying...
2025/11/26 22:09:50 [INFO] Attempting to connect to RabbitMQ...
2025/11/26 22:09:50 [ERROR] Failed to connect to RabbitMQ server: failed to connect to RabbitMQ server: parse "amqp://<username>:<password>@<host>:<port>/<vhost>": invalid port ":<port>" after host. Retrying...
2025/11/26 22:09:55 [INFO] Attempting to connect to RabbitMQ...
2025/11/26 22:09:55 [ERROR] Failed to connect to RabbitMQ server: failed to connect to RabbitMQ server: parse "amqp://<username>:<password>@<host>:<port>/<vhost>": invalid port ":<port>" after host. Retrying...
2025/11/26 22:10:00 [INFO] Attempting to connect to RabbitMQ...
2025/11/26 22:10:00 [ERROR] Failed to connect to RabbitMQ server: failed to connect to RabbitMQ server: parse "amqp://<username>:<password>@<host>:<port>/<vhost>": invalid port ":<port>" after host. Retrying...
2025/11/26 22:10:05 [INFO] Attempting to connect to RabbitMQ...
2025/11/26 22:10:05 [ERROR] Failed to connect to RabbitMQ server: failed to connect to RabbitMQ server: parse "amqp://<username>:<password>@<host>:<port>/<vhost>": invalid port ":<port>" after host. Retrying...
2025/11/26 22:10:10 [INFO] Attempting to connect to RabbitMQ...
2025/11/26 22:10:10 [ERROR] Failed to connect to RabbitMQ server: failed to connect to RabbitMQ server: parse "amqp://<username>:<password>@<host>:<port>/<vhost>": invalid port ":<port>" after host. Retrying...
🔄🔄🔄 Attempting to connect to MongoDB...
⏳ Retrying MongoDB connection in 1m0s
2025/11/26 22:10:15 [INFO] Attempting to connect to RabbitMQ...
2025/11/26 22:10:15 [ERROR] Failed to connect to RabbitMQ server: failed to connect to RabbitMQ server: parse "amqp://<username>:<password>@<host>:<port>/<vhost>": invalid port ":<port>" after host. Retrying...
2025/11/26 22:10:20 [INFO] Attempting to connect to RabbitMQ...
2025/11/26 22:10:20 [ERROR] Failed to connect to RabbitMQ server: failed to connect to RabbitMQ server: parse "amqp://<username>:<password>@<host>:<port>/<vhost>": invalid port ":<port>" after host. Retrying...
2025/11/26 22:10:25 [INFO] Attempting to connect to RabbitMQ...
2025/11/26 22:10:25 [ERROR] Failed to connect to RabbitMQ server: failed to connect to RabbitMQ server: parse "amqp://<username>:<password>@<host>:<port>/<vhost>": invalid port ":<port>" after host. Retrying...
2025/11/26 22:10:30 [INFO] Attempting to connect to RabbitMQ...
2025/11/26 22:10:30 [ERROR] Failed to connect to RabbitMQ server: failed to connect to RabbitMQ server: parse "amqp://<username>:<password>@<host>:<port>/<vhost>": invalid port ":<port>" after host. Retrying...
2025/11/26 22:10:35 [INFO] Attempting to connect to RabbitMQ...
2025/11/26 22:10:35 [ERROR] Failed to connect to RabbitMQ server: failed to connect to RabbitMQ server: parse "amqp://<username>:<password>@<host>:<port>/<vhost>": invalid port ":<port>" after host. Retrying...
2025/11/26 22:10:40 [INFO] Attempting to connect to RabbitMQ...
2025/11/26 22:10:40 [ERROR] Failed to connect to RabbitMQ server: failed to connect to RabbitMQ server: parse "amqp://<username>:<password>@<host>:<port>/<vhost>": invalid port ":<port>" after host. Retrying...
🔄🔄🔄 Attempting to connect to MongoDB...
⏳ Retrying MongoDB connection in 1m0s
2025/11/26 22:10:45 [INFO] Attempting to connect to RabbitMQ...
2025/11/26 22:10:45 [ERROR] Failed to connect to RabbitMQ server: failed to connect to RabbitMQ server: parse "amqp://<username>:<password>@<host>:<port>/<vhost>": invalid port ":<port>" after host. Retrying...
2025/11/26 22:10:50 [INFO] Attempting to connect to RabbitMQ...
2025/11/26 22:10:50 [ERROR] Failed to connect to RabbitMQ server: failed to connect to RabbitMQ server: parse "amqp://<username>:<password>@<host>:<port>/<vhost>": invalid port ":<port>" after host. Retrying...
2025/11/26 22:11:03 [INFO] Attempting to connect to RabbitMQ...
2025/11/26 22:11:03 [ERROR] Failed to connect to RabbitMQ server: failed to connect to RabbitMQ server: parse "amqp://<username>:<password>@<host>:<port>/<vhost>": invalid port ":<port>" after host. Retrying...
2025/11/26 22:11:08 [INFO] Attempting to connect to RabbitMQ...
2025/11/26 22:11:08 [ERROR] Failed to connect to RabbitMQ server: failed to connect to RabbitMQ server: parse "amqp://<username>:<password>@<host>:<port>/<vhost>": invalid port ":<port>" after host. Retrying...
2025/11/26 22:11:13 [INFO] Attempting to connect to RabbitMQ...
2025/11/26 22:11:13 [ERROR] Failed to connect to RabbitMQ server: failed to connect to RabbitMQ server: parse "amqp://<username>:<password>@<host>:<port>/<vhost>": invalid port ":<port>" after host. Retrying...
2025/11/26 22:11:18 [INFO] Attempting to connect to RabbitMQ...
2025/11/26 22:11:18 [ERROR] Failed to connect to RabbitMQ server: failed to connect to RabbitMQ server: parse "amqp://<username>:<password>@<host>:<port>/<vhost>": invalid port ":<port>" after host. Retrying...
🔄🔄🔄 Attempting to connect to MongoDB...
⏳ Retrying MongoDB connection in 1m0s
2025/11/26 22:11:23 [INFO] Attempting to connect to RabbitMQ...
2025/11/26 22:11:23 [ERROR] Failed to connect to RabbitMQ server: failed to connect to RabbitMQ server: parse "amqp://<username>:<password>@<host>:<port>/<vhost>": invalid port ":<port>" after host. Retrying...
2025/11/26 22:11:28 [INFO] Attempting to connect to RabbitMQ...
2025/11/26 22:11:28 [ERROR] Failed to connect to RabbitMQ server: failed to connect to RabbitMQ server: parse "amqp://<username>:<password>@<host>:<port>/<vhost>": invalid port ":<port>" after host. Retrying...
2025/11/26 22:11:33 [INFO] Attempting to connect to RabbitMQ...
2025/11/26 22:11:33 [ERROR] Failed to connect to RabbitMQ server: failed to connect to RabbitMQ server: parse "amqp://<username>:<password>@<host>:<port>/<vhost>": invalid port ":<port>" after host. Retrying...
2025/11/26 22:11:42 [INFO] Attempting to connect to RabbitMQ...
2025/11/26 22:11:42 [ERROR] Failed to connect to RabbitMQ server: failed to connect to RabbitMQ server: parse "amqp://<username>:<password>@<host>:<port>/<vhost>": invalid port ":<port>" after host. Retrying...
2025/11/26 22:11:47 [INFO] Attempting to connect to RabbitMQ...
2025/11/26 22:11:47 [ERROR] Failed to connect to RabbitMQ server: failed to connect to RabbitMQ server: parse "amqp://<username>:<password>@<host>:<port>/<vhost>": invalid port ":<port>" after host. Retrying...
2025/11/26 22:11:52 [INFO] Attempting to connect to RabbitMQ...
2025/11/26 22:11:52 [ERROR] Failed to connect to RabbitMQ server: failed to connect to RabbitMQ server: parse "amqp://<username>:<password>@<host>:<port>/<vhost>": invalid port ":<port>" after host. Retrying...
🔄🔄🔄 Attempting to connect to MongoDB...
⏳ Retrying MongoDB connection in 1m0s
2025/11/26 22:11:57 [INFO] Attempting to connect to RabbitMQ...
2025/11/26 22:11:57 [ERROR] Failed to connect to RabbitMQ server: failed to connect to RabbitMQ server: parse "amqp://<username>:<password>@<host>:<port>/<vhost>": invalid port ":<port>" after host. Retrying...
2025/11/26 22:12:02 [INFO] Attempting to connect to RabbitMQ...
2025/11/26 22:12:02 [ERROR] Failed to connect to RabbitMQ server: failed to connect to RabbitMQ server: parse "amqp://<username>:<password>@<host>:<port>/<vhost>": invalid port ":<port>" after host. Retrying...
2025/11/26 22:12:07 [INFO] Attempting to connect to RabbitMQ...
2025/11/26 22:12:07 [ERROR] Failed to connect to RabbitMQ server: failed to connect to RabbitMQ server: parse "amqp://<username>:<password>@<host>:<port>/<vhost>": invalid port ":<port>" after host. Retrying...
2025/11/26 22:12:12 [INFO] Attempting to connect to RabbitMQ...
2025/11/26 22:12:12 [ERROR] Failed to connect to RabbitMQ server: failed to connect to RabbitMQ server: parse "amqp://<username>:<password>@<host>:<port>/<vhost>": invalid port ":<port>" after host. Retrying...
2025/11/26 22:12:17 [INFO] Attempting to connect to RabbitMQ...
2025/11/26 22:12:17 [ERROR] Failed to connect to RabbitMQ server: failed to connect to RabbitMQ server: parse "amqp://<username>:<password>@<host>:<port>/<vhost>": invalid port ":<port>" after host. Retrying...
2025/11/26 22:12:22 [INFO] Attempting to connect to RabbitMQ...
2025/11/26 22:12:22 [ERROR] Failed to connect to RabbitMQ server: failed to connect to RabbitMQ server: parse "amqp://<username>:<password>@<host>:<port>/<vhost>": invalid port ":<port>" after host. Retrying...
🔄🔄🔄 Attempting to connect to MongoDB...
⏳ Retrying MongoDB connection in 1m0s
2025/11/26 22:12:27 [INFO] Attempting to connect to RabbitMQ...
2025/11/26 22:12:27 [ERROR] Failed to connect to RabbitMQ server: failed to connect to RabbitMQ server: parse "amqp://<username>:<password>@<host>:<port>/<vhost>": invalid port ":<port>" after host. Retrying...
2025/11/26 22:12:35 [INFO] Attempting to connect to RabbitMQ...
2025/11/26 22:12:35 [ERROR] Failed to connect to RabbitMQ server: failed to connect to RabbitMQ server: parse "amqp://<username>:<password>@<host>:<port>/<vhost>": invalid port ":<port>" after host. Retrying...
2025/11/26 22:12:40 [INFO] Attempting to connect to RabbitMQ...
2025/11/26 22:12:40 [ERROR] Failed to connect to RabbitMQ server: failed to connect to RabbitMQ server: parse "amqp://<username>:<password>@<host>:<port>/<vhost>": invalid port ":<port>" after host. Retrying...
2025/11/26 22:12:45 [INFO] Attempting to connect to RabbitMQ...
2025/11/26 22:12:45 [ERROR] Failed to connect to RabbitMQ server: failed to connect to RabbitMQ server: parse "amqp://<username>:<password>@<host>:<port>/<vhost>": invalid port ":<port>" after host. Retrying...
2025/11/26 22:12:50 [INFO] Attempting to connect to RabbitMQ...
2025/11/26 22:12:50 [ERROR] Failed to connect to RabbitMQ server: failed to connect to RabbitMQ server: parse "amqp://<username>:<password>@<host>:<port>/<vhost>": invalid port ":<port>" after host. Retrying...
2025/11/26 22:12:55 [INFO] Attempting to connect to RabbitMQ...
2025/11/26 22:12:55 [ERROR] Failed to connect to RabbitMQ server: failed to connect to RabbitMQ server: parse "amqp://<username>:<password>@<host>:<port>/<vhost>": invalid port ":<port>" after host. Retrying...
🔄🔄🔄 Attempting to connect to MongoDB...
⏳ Retrying MongoDB connection in 1m0s
2025/11/26 22:13:00 [INFO] Attempting to connect to RabbitMQ...
2025/11/26 22:13:00 [ERROR] Failed to connect to RabbitMQ server: failed to connect to RabbitMQ server: parse "amqp://<username>:<password>@<host>:<port>/<vhost>": invalid port ":<port>" after host. Retrying...
2025/11/26 22:13:08 [INFO] Attempting to connect to RabbitMQ...
2025/11/26 22:13:08 [ERROR] Failed to connect to RabbitMQ server: failed to connect to RabbitMQ server: parse "amqp://<username>:<password>@<host>:<port>/<vhost>": invalid port ":<port>" after host. Retrying...
2025/11/26 22:13:13 [INFO] Attempting to connect to RabbitMQ...
2025/11/26 22:13:13 [ERROR] Failed to connect to RabbitMQ server: failed to connect to RabbitMQ server: parse "amqp://<username>:<password>@<host>:<port>/<vhost>": invalid port ":<port>" after host. Retrying...
2025/11/26 22:13:18 [INFO] Attempting to connect to RabbitMQ...
2025/11/26 22:13:18 [ERROR] Failed to connect to RabbitMQ server: failed to connect to RabbitMQ server: parse "amqp://<username>:<password>@<host>:<port>/<vhost>": invalid port ":<port>" after host. Retrying...
2025/11/26 22:13:23 [INFO] Attempting to connect to RabbitMQ...
2025/11/26 22:13:23 [ERROR] Failed to connect to RabbitMQ server: failed to connect to RabbitMQ server: parse "amqp://<username>:<password>@<host>:<port>/<vhost>": invalid port ":<port>" after host. Retrying...
2025/11/26 22:13:28 [INFO] Attempting to connect to RabbitMQ...
2025/11/26 22:13:28 [ERROR] Failed to connect to RabbitMQ server: failed to connect to RabbitMQ server: parse "amqp://<username>:<password>@<host>:<port>/<vhost>": invalid port ":<port>" after host. Retrying...
🔄🔄🔄 Attempting to connect to MongoDB...
⏳ Retrying MongoDB connection in 1m0s
2025/11/26 22:13:33 [INFO] Attempting to connect to RabbitMQ...
2025/11/26 22:13:33 [ERROR] Failed to connect to RabbitMQ server: failed to connect to RabbitMQ server: parse "amqp://<username>:<password>@<host>:<port>/<vhost>": invalid port ":<port>" after host. Retrying...
2025/11/26 22:13:38 [INFO] Attempting to connect to RabbitMQ...
2025/11/26 22:13:38 [ERROR] Failed to connect to RabbitMQ server: failed to connect to RabbitMQ server: parse "amqp://<username>:<password>@<host>:<port>/<vhost>": invalid port ":<port>" after host. Retrying...
2025/11/26 22:13:47 [INFO] Attempting to connect to RabbitMQ...
2025/11/26 22:13:47 [ERROR] Failed to connect to RabbitMQ server: failed to connect to RabbitMQ server: parse "amqp://<username>:<password>@<host>:<port>/<vhost>": invalid port ":<port>" after host. Retrying...
2025/11/26 22:13:52 [INFO] Attempting to connect to RabbitMQ...
2025/11/26 22:13:52 [ERROR] Failed to connect to RabbitMQ server: failed to connect to RabbitMQ server: parse "amqp://<username>:<password>@<host>:<port>/<vhost>": invalid port ":<port>" after host. Retrying...
2025/11/26 22:13:57 [INFO] Attempting to connect to RabbitMQ...
2025/11/26 22:13:57 [ERROR] Failed to connect to RabbitMQ server: failed to connect to RabbitMQ server: parse "amqp://<username>:<password>@<host>:<port>/<vhost>": invalid port ":<port>" after host. Retrying...
2025/11/26 22:14:02 [INFO] Attempting to connect to RabbitMQ...
2025/11/26 22:14:02 [ERROR] Failed to connect to RabbitMQ server: failed to connect to RabbitMQ server: parse "amqp://<username>:<password>@<host>:<port>/<vhost>": invalid port ":<port>" after host. Retrying...
🔄🔄🔄 Attempting to connect to MongoDB...
⏳ Retrying MongoDB connection in 1m0s
2025/11/26 22:14:07 [INFO] Attempting to connect to RabbitMQ...
2025/11/26 22:14:07 [ERROR] Failed to connect to RabbitMQ server: failed to connect to RabbitMQ server: parse "amqp://<username>:<password>@<host>:<port>/<vhost>": invalid port ":<port>" after host. Retrying...
2025/11/26 22:14:12 [INFO] Attempting to connect to RabbitMQ...
2025/11/26 22:14:12 [ERROR] Failed to connect to RabbitMQ server: failed to connect to RabbitMQ server: parse "amqp://<username>:<password>@<host>:<port>/<vhost>": invalid port ":<port>" after host. Retrying...
2025/11/26 22:14:19 [INFO] Attempting to connect to RabbitMQ...
2025/11/26 22:14:19 [ERROR] Failed to connect to RabbitMQ server: failed to connect to RabbitMQ server: parse "amqp://<username>:<password>@<host>:<port>/<vhost>": invalid port ":<port>" after host. Retrying...
2025/11/26 22:14:24 [INFO] Attempting to connect to RabbitMQ...
2025/11/26 22:14:24 [ERROR] Failed to connect to RabbitMQ server: failed to connect to RabbitMQ server: parse "amqp://<username>:<password>@<host>:<port>/<vhost>": invalid port ":<port>" after host. Retrying...
2025/11/26 22:14:29 [INFO] Attempting to connect to RabbitMQ...
2025/11/26 22:14:29 [ERROR] Failed to connect to RabbitMQ server: failed to connect to RabbitMQ server: parse "amqp://<username>:<password>@<host>:<port>/<vhost>": invalid port ":<port>" after host. Retrying...
2025/11/26 22:14:35 [INFO] Attempting to connect to RabbitMQ...
2025/11/26 22:14:35 [ERROR] Failed to connect to RabbitMQ server: failed to connect to RabbitMQ server: parse "amqp://<username>:<password>@<host>:<port>/<vhost>": invalid port ":<port>" after host. Retrying...
🔄🔄🔄 Attempting to connect to MongoDB...
⏳ Retrying MongoDB connection in 1m0s
2025/11/26 22:14:40 [INFO] Attempting to connect to RabbitMQ...
2025/11/26 22:14:40 [ERROR] Failed to connect to RabbitMQ server: failed to connect to RabbitMQ server: parse "amqp://<username>:<password>@<host>:<port>/<vhost>": invalid port ":<port>" after host. Retrying...
2025/11/26 22:14:45 [INFO] Attempting to connect to RabbitMQ...
2025/11/26 22:14:45 [ERROR] Failed to connect to RabbitMQ server: failed to connect to RabbitMQ server: parse "amqp://<username>:<password>@<host>:<port>/<vhost>": invalid port ":<port>" after host. Retrying...
2025/11/26 22:14:50 [INFO] Attempting to connect to RabbitMQ...
2025/11/26 22:14:50 [ERROR] Failed to connect to RabbitMQ server: failed to connect to RabbitMQ server: parse "amqp://<username>:<password>@<host>:<port>/<vhost>": invalid port ":<port>" after host. Retrying...
2025/11/26 22:14:55 [INFO] Attempting to connect to RabbitMQ...
2025/11/26 22:14:55 [ERROR] Failed to connect to RabbitMQ server: failed to connect to RabbitMQ server: parse "amqp://<username>:<password>@<host>:<port>/<vhost>": invalid port ":<port>" after host. Retrying...
2025/11/26 22:15:00 [INFO] Attempting to connect to RabbitMQ...
2025/11/26 22:15:00 [ERROR] Failed to connect to RabbitMQ server: failed to connect to RabbitMQ server: parse "amqp://<username>:<password>@<host>:<port>/<vhost>": invalid port ":<port>" after host. Retrying...
2025/11/26 22:15:05 [INFO] Attempting to connect to RabbitMQ...
2025/11/26 22:15:05 [ERROR] Failed to connect to RabbitMQ server: failed to connect to RabbitMQ server: parse "amqp://<username>:<password>@<host>:<port>/<vhost>": invalid port ":<port>" after host. Retrying...
🔄🔄🔄 Attempting to connect to MongoDB...
⏳ Retrying MongoDB connection in 1m0s
2025/11/26 22:15:10 [INFO] Attempting to connect to RabbitMQ...
2025/11/26 22:15:10 [ERROR] Failed to connect to RabbitMQ server: failed to connect to RabbitMQ server: parse "amqp://<username>:<password>@<host>:<port>/<vhost>": invalid port ":<port>" after host. Retrying...
2025/11/26 22:15:15 [INFO] Attempting to connect to RabbitMQ...
2025/11/26 22:15:15 [ERROR] Failed to connect to RabbitMQ server: failed to connect to RabbitMQ server: parse "amqp://<username>:<password>@<host>:<port>/<vhost>": invalid port ":<port>" after host. Retrying...
2025/11/26 22:15:20 [INFO] Attempting to connect to RabbitMQ...
2025/11/26 22:15:20 [ERROR] Failed to connect to RabbitMQ server: failed to connect to RabbitMQ server: parse "amqp://<username>:<password>@<host>:<port>/<vhost>": invalid port ":<port>" after host. Retrying...
time="2025-11-26T22:15:22+01:00" level=debug msg="::1 - - [26/Nov/2025:22:15:22 +0100] \"GET /api/docs/ HTTP/1.0\" 404 33 6.839299ms"
time="2025-11-26T22:15:22+01:00" level=debug msg="::1 - - [26/Nov/2025:22:15:22 +0100] \"GET /favicon.ico HTTP/1.0\" 404 89 1.544415ms"
2025/11/26 22:15:25 [INFO] Attempting to connect to RabbitMQ...
2025/11/26 22:15:25 [ERROR] Failed to connect to RabbitMQ server: failed to connect to RabbitMQ server: parse "amqp://<username>:<password>@<host>:<port>/<vhost>": invalid port ":<port>" after host. Retrying...
2025/11/26 22:15:30 [INFO] Attempting to connect to RabbitMQ...
2025/11/26 22:15:30 [ERROR] Failed to connect to RabbitMQ server: failed to connect to RabbitMQ server: parse "amqp://<username>:<password>@<host>:<port>/<vhost>": invalid port ":<port>" after host. Retrying...
2025/11/26 22:15:35 [INFO] Attempting to connect to RabbitMQ...
2025/11/26 22:15:35 [ERROR] Failed to connect to RabbitMQ server: failed to connect to RabbitMQ server: parse "amqp://<username>:<password>@<host>:<port>/<vhost>": invalid port ":<port>" after host. Retrying...
🔄🔄🔄 Attempting to connect to MongoDB...
⏳ Retrying MongoDB connection in 1m0s
2025/11/26 22:15:40 [INFO] Attempting to connect to RabbitMQ...
2025/11/26 22:15:40 [ERROR] Failed to connect to RabbitMQ server: failed to connect to RabbitMQ server: parse "amqp://<username>:<password>@<host>:<port>/<vhost>": invalid port ":<port>" after host. Retrying...
2025/11/26 22:15:45 [INFO] Attempting to connect to RabbitMQ...
2025/11/26 22:15:45 [ERROR] Failed to connect to RabbitMQ server: failed to connect to RabbitMQ server: parse "amqp://<username>:<password>@<host>:<port>/<vhost>": invalid port ":<port>" after host. Retrying...
time="2025-11-26T22:15:45+01:00" level=debug msg="::1 - - [26/Nov/2025:22:15:45 +0100] \"GET /api/docs/ HTTP/1.0\" 404 33 702.263µs"
2025/11/26 22:15:50 [INFO] Attempting to connect to RabbitMQ...
2025/11/26 22:15:50 [ERROR] Failed to connect to RabbitMQ server: failed to connect to RabbitMQ server: parse "amqp://<username>:<password>@<host>:<port>/<vhost>": invalid port ":<port>" after host. Retrying...
2025/11/26 22:15:55 [INFO] Attempting to connect to RabbitMQ...
2025/11/26 22:15:55 [ERROR] Failed to connect to RabbitMQ server: failed to connect to RabbitMQ server: parse "amqp://<username>:<password>@<host>:<port>/<vhost>": invalid port ":<port>" after host. Retrying...
2025/11/26 22:16:00 [INFO] Attempting to connect to RabbitMQ...
2025/11/26 22:16:00 [ERROR] Failed to connect to RabbitMQ server: failed to connect to RabbitMQ server: parse "amqp://<username>:<password>@<host>:<port>/<vhost>": invalid port ":<port>" after host. Retrying...
2025/11/26 22:16:05 [INFO] Attempting to connect to RabbitMQ...
2025/11/26 22:16:05 [ERROR] Failed to connect to RabbitMQ server: failed to connect to RabbitMQ server: parse "amqp://<username>:<password>@<host>:<port>/<vhost>": invalid port ":<port>" after host. Retrying...
🔄🔄🔄 Attempting to connect to MongoDB...
⏳ Retrying MongoDB connection in 1m0s
2025/11/26 22:16:10 [INFO] Attempting to connect to RabbitMQ...
2025/11/26 22:16:10 [ERROR] Failed to connect to RabbitMQ server: failed to connect to RabbitMQ server: parse "amqp://<username>:<password>@<host>:<port>/<vhost>": invalid port ":<port>" after host. Retrying...
2025/11/26 22:16:15 [INFO] Attempting to connect to RabbitMQ...
2025/11/26 22:16:15 [ERROR] Failed to connect to RabbitMQ server: failed to connect to RabbitMQ server: parse "amqp://<username>:<password>@<host>:<port>/<vhost>": invalid port ":<port>" after host. Retrying...
2025/11/26 22:16:20 [INFO] Attempting to connect to RabbitMQ...
2025/11/26 22:16:20 [ERROR] Failed to connect to RabbitMQ server: failed to connect to RabbitMQ server: parse "amqp://<username>:<password>@<host>:<port>/<vhost>": invalid port ":<port>" after host. Retrying...
2025/11/26 22:16:25 [INFO] Attempting to connect to RabbitMQ...
2025/11/26 22:16:25 [ERROR] Failed to connect to RabbitMQ server: failed to connect to RabbitMQ server: parse "amqp://<username>:<password>@<host>:<port>/<vhost>": invalid port ":<port>" after host. Retrying...
2025/11/26 22:16:30 [INFO] Attempting to connect to RabbitMQ...
2025/11/26 22:16:30 [ERROR] Failed to connect to RabbitMQ server: failed to connect to RabbitMQ server: parse "amqp://<username>:<password>@<host>:<port>/<vhost>": invalid port ":<port>" after host. Retrying...
2025/11/26 22:16:35 [INFO] Attempting to connect to RabbitMQ...
2025/11/26 22:16:35 [ERROR] Failed to connect to RabbitMQ server: failed to connect to RabbitMQ server: parse "amqp://<username>:<password>@<host>:<port>/<vhost>": invalid port ":<port>" after host. Retrying...
🔄🔄🔄 Attempting to connect to MongoDB...
⏳ Retrying MongoDB connection in 1m0s
2025/11/26 22:16:40 [INFO] Attempting to connect to RabbitMQ...
2025/11/26 22:16:40 [ERROR] Failed to connect to RabbitMQ server: failed to connect to RabbitMQ server: parse "amqp://<username>:<password>@<host>:<port>/<vhost>": invalid port ":<port>" after host. Retrying...
2025/11/26 22:16:45 [INFO] Attempting to connect to RabbitMQ...
2025/11/26 22:16:45 [ERROR] Failed to connect to RabbitMQ server: failed to connect to RabbitMQ server: parse "amqp://<username>:<password>@<host>:<port>/<vhost>": invalid port ":<port>" after host. Retrying...
2025/11/26 22:16:50 [INFO] Attempting to connect to RabbitMQ...
2025/11/26 22:16:50 [ERROR] Failed to connect to RabbitMQ server: failed to connect to RabbitMQ server: parse "amqp://<username>:<password>@<host>:<port>/<vhost>": invalid port ":<port>" after host. Retrying...
2025/11/26 22:16:55 [INFO] Attempting to connect to RabbitMQ...
2025/11/26 22:16:55 [ERROR] Failed to connect to RabbitMQ server: failed to connect to RabbitMQ server: parse "amqp://<username>:<password>@<host>:<port>/<vhost>": invalid port ":<port>" after host. Retrying...
2025/11/26 22:17:00 [INFO] Attempting to connect to RabbitMQ...
2025/11/26 22:17:00 [ERROR] Failed to connect to RabbitMQ server: failed to connect to RabbitMQ server: parse "amqp://<username>:<password>@<host>:<port>/<vhost>": invalid port ":<port>" after host. Retrying...
2025/11/26 22:17:05 [INFO] Attempting to connect to RabbitMQ...
2025/11/26 22:17:05 [ERROR] Failed to connect to RabbitMQ server: failed to connect to RabbitMQ server: parse "amqp://<username>:<password>@<host>:<port>/<vhost>": invalid port ":<port>" after host. Retrying...
🔄🔄🔄 Attempting to connect to MongoDB...
⏳ Retrying MongoDB connection in 1m0s
2025/11/26 22:17:10 [INFO] Attempting to connect to RabbitMQ...
2025/11/26 22:17:10 [ERROR] Failed to connect to RabbitMQ server: failed to connect to RabbitMQ server: parse "amqp://<username>:<password>@<host>:<port>/<vhost>": invalid port ":<port>" after host. Retrying...
2025/11/26 22:17:15 [INFO] Attempting to connect to RabbitMQ...
2025/11/26 22:17:15 [ERROR] Failed to connect to RabbitMQ server: failed to connect to RabbitMQ server: parse "amqp://<username>:<password>@<host>:<port>/<vhost>": invalid port ":<port>" after host. Retrying...
2025/11/26 22:17:20 [INFO] Attempting to connect to RabbitMQ...
2025/11/26 22:17:20 [ERROR] Failed to connect to RabbitMQ server: failed to connect to RabbitMQ server: parse "amqp://<username>:<password>@<host>:<port>/<vhost>": invalid port ":<port>" after host. Retrying...
2025/11/26 22:17:25 [INFO] Attempting to connect to RabbitMQ...
2025/11/26 22:17:25 [ERROR] Failed to connect to RabbitMQ server: failed to connect to RabbitMQ server: parse "amqp://<username>:<password>@<host>:<port>/<vhost>": invalid port ":<port>" after host. Retrying...
2025/11/26 22:17:30 [INFO] Attempting to connect to RabbitMQ...
2025/11/26 22:17:30 [ERROR] Failed to connect to RabbitMQ server: failed to connect to RabbitMQ server: parse "amqp://<username>:<password>@<host>:<port>/<vhost>": invalid port ":<port>" after host. Retrying...
2025/11/26 22:17:35 [INFO] Attempting to connect to RabbitMQ...
2025/11/26 22:17:35 [ERROR] Failed to connect to RabbitMQ server: failed to connect to RabbitMQ server: parse "amqp://<username>:<password>@<host>:<port>/<vhost>": invalid port ":<port>" after host. Retrying...
🔄🔄🔄 Attempting to connect to MongoDB...
⏳ Retrying MongoDB connection in 1m0s
2025/11/26 22:17:40 [INFO] Attempting to connect to RabbitMQ...
2025/11/26 22:17:40 [ERROR] Failed to connect to RabbitMQ server: failed to connect to RabbitMQ server: parse "amqp://<username>:<password>@<host>:<port>/<vhost>": invalid port ":<port>" after host. Retrying...
2025/11/26 22:17:45 [INFO] Attempting to connect to RabbitMQ...
2025/11/26 22:17:45 [ERROR] Failed to connect to RabbitMQ server: failed to connect to RabbitMQ server: parse "amqp://<username>:<password>@<host>:<port>/<vhost>": invalid port ":<port>" after host. Retrying...
2025/11/26 22:17:50 [INFO] Attempting to connect to RabbitMQ...
2025/11/26 22:17:50 [ERROR] Failed to connect to RabbitMQ server: failed to connect to RabbitMQ server: parse "amqp://<username>:<password>@<host>:<port>/<vhost>": invalid port ":<port>" after host. Retrying...
2025/11/26 22:17:55 [INFO] Attempting to connect to RabbitMQ...
2025/11/26 22:17:55 [ERROR] Failed to connect to RabbitMQ server: failed to connect to RabbitMQ server: parse "amqp://<username>:<password>@<host>:<port>/<vhost>": invalid port ":<port>" after host. Retrying...
2025/11/26 22:18:00 [INFO] Attempting to connect to RabbitMQ...
2025/11/26 22:18:00 [ERROR] Failed to connect to RabbitMQ server: failed to connect to RabbitMQ server: parse "amqp://<username>:<password>@<host>:<port>/<vhost>": invalid port ":<port>" after host. Retrying...
2025/11/26 22:18:05 [INFO] Attempting to connect to RabbitMQ...
2025/11/26 22:18:05 [ERROR] Failed to connect to RabbitMQ server: failed to connect to RabbitMQ server: parse "amqp://<username>:<password>@<host>:<port>/<vhost>": invalid port ":<port>" after host. Retrying...
🔄🔄🔄 Attempting to connect to MongoDB...
⏳ Retrying MongoDB connection in 1m0s
2025/11/26 22:18:10 [INFO] Attempting to connect to RabbitMQ...
2025/11/26 22:18:10 [ERROR] Failed to connect to RabbitMQ server: failed to connect to RabbitMQ server: parse "amqp://<username>:<password>@<host>:<port>/<vhost>": invalid port ":<port>" after host. Retrying...
2025/11/26 22:18:15 [INFO] Attempting to connect to RabbitMQ...
2025/11/26 22:18:15 [ERROR] Failed to connect to RabbitMQ server: failed to connect to RabbitMQ server: parse "amqp://<username>:<password>@<host>:<port>/<vhost>": invalid port ":<port>" after host. Retrying...
2025/11/26 22:18:20 [INFO] Attempting to connect to RabbitMQ...
2025/11/26 22:18:20 [ERROR] Failed to connect to RabbitMQ server: failed to connect to RabbitMQ server: parse "amqp://<username>:<password>@<host>:<port>/<vhost>": invalid port ":<port>" after host. Retrying...
2025/11/26 22:18:25 [INFO] Attempting to connect to RabbitMQ...
2025/11/26 22:18:25 [ERROR] Failed to connect to RabbitMQ server: failed to connect to RabbitMQ server: parse "amqp://<username>:<password>@<host>:<port>/<vhost>": invalid port ":<port>" after host. Retrying...
2025/11/26 22:18:30 [INFO] Attempting to connect to RabbitMQ...
2025/11/26 22:18:30 [ERROR] Failed to connect to RabbitMQ server: failed to connect to RabbitMQ server: parse "amqp://<username>:<password>@<host>:<port>/<vhost>": invalid port ":<port>" after host. Retrying...
2025/11/26 22:18:35 [INFO] Attempting to connect to RabbitMQ...
2025/11/26 22:18:35 [ERROR] Failed to connect to RabbitMQ server: failed to connect to RabbitMQ server: parse "amqp://<username>:<password>@<host>:<port>/<vhost>": invalid port ":<port>" after host. Retrying...
🔄🔄🔄 Attempting to connect to MongoDB...
⏳ Retrying MongoDB connection in 1m0s
2025/11/26 22:18:40 [INFO] Attempting to connect to RabbitMQ...
2025/11/26 22:18:40 [ERROR] Failed to connect to RabbitMQ server: failed to connect to RabbitMQ server: parse "amqp://<username>:<password>@<host>:<port>/<vhost>": invalid port ":<port>" after host. Retrying...
2025/11/26 22:18:45 [INFO] Attempting to connect to RabbitMQ...
2025/11/26 22:18:45 [ERROR] Failed to connect to RabbitMQ server: failed to connect to RabbitMQ server: parse "amqp://<username>:<password>@<host>:<port>/<vhost>": invalid port ":<port>" after host. Retrying...
2025/11/26 22:18:50 [INFO] Attempting to connect to RabbitMQ...
2025/11/26 22:18:50 [ERROR] Failed to connect to RabbitMQ server: failed to connect to RabbitMQ server: parse "amqp://<username>:<password>@<host>:<port>/<vhost>": invalid port ":<port>" after host. Retrying...
2025/11/26 22:18:55 [INFO] Attempting to connect to RabbitMQ...
2025/11/26 22:18:55 [ERROR] Failed to connect to RabbitMQ server: failed to connect to RabbitMQ server: parse "amqp://<username>:<password>@<host>:<port>/<vhost>": invalid port ":<port>" after host. Retrying...
2025/11/26 22:19:00 [INFO] Attempting to connect to RabbitMQ...
2025/11/26 22:19:00 [ERROR] Failed to connect to RabbitMQ server: failed to connect to RabbitMQ server: parse "amqp://<username>:<password>@<host>:<port>/<vhost>": invalid port ":<port>" after host. Retrying...
2025/11/26 22:19:05 [INFO] Attempting to connect to RabbitMQ...
2025/11/26 22:19:05 [ERROR] Failed to connect to RabbitMQ server: failed to connect to RabbitMQ server: parse "amqp://<username>:<password>@<host>:<port>/<vhost>": invalid port ":<port>" after host. Retrying...
🔄🔄🔄 Attempting to connect to MongoDB...
⏳ Retrying MongoDB connection in 1m0s
2025/11/26 22:19:10 [INFO] Attempting to connect to RabbitMQ...
2025/11/26 22:19:10 [ERROR] Failed to connect to RabbitMQ server: failed to connect to RabbitMQ server: parse "amqp://<username>:<password>@<host>:<port>/<vhost>": invalid port ":<port>" after host. Retrying...
2025/11/26 22:19:15 [INFO] Attempting to connect to RabbitMQ...
2025/11/26 22:19:15 [ERROR] Failed to connect to RabbitMQ server: failed to connect to RabbitMQ server: parse "amqp://<username>:<password>@<host>:<port>/<vhost>": invalid port ":<port>" after host. Retrying...
2025/11/26 22:19:20 [INFO] Attempting to connect to RabbitMQ...
2025/11/26 22:19:20 [ERROR] Failed to connect to RabbitMQ server: failed to connect to RabbitMQ server: parse "amqp://<username>:<password>@<host>:<port>/<vhost>": invalid port ":<port>" after host. Retrying...
2025/11/26 22:19:25 [INFO] Attempting to connect to RabbitMQ...
2025/11/26 22:19:25 [ERROR] Failed to connect to RabbitMQ server: failed to connect to RabbitMQ server: parse "amqp://<username>:<password>@<host>:<port>/<vhost>": invalid port ":<port>" after host. Retrying...
2025/11/26 22:19:30 [INFO] Attempting to connect to RabbitMQ...
2025/11/26 22:19:30 [ERROR] Failed to connect to RabbitMQ server: failed to connect to RabbitMQ server: parse "amqp://<username>:<password>@<host>:<port>/<vhost>": invalid port ":<port>" after host. Retrying...
2025/11/26 22:19:35 [INFO] Attempting to connect to RabbitMQ...
2025/11/26 22:19:35 [ERROR] Failed to connect to RabbitMQ server: failed to connect to RabbitMQ server: parse "amqp://<username>:<password>@<host>:<port>/<vhost>": invalid port ":<port>" after host. Retrying...
🔄🔄🔄 Attempting to connect to MongoDB...
⏳ Retrying MongoDB connection in 1m0s
2025/11/26 22:19:40 [INFO] Attempting to connect to RabbitMQ...
2025/11/26 22:19:40 [ERROR] Failed to connect to RabbitMQ server: failed to connect to RabbitMQ server: parse "amqp://<username>:<password>@<host>:<port>/<vhost>": invalid port ":<port>" after host. Retrying...
2025/11/26 22:19:45 [INFO] Attempting to connect to RabbitMQ...
2025/11/26 22:19:45 [ERROR] Failed to connect to RabbitMQ server: failed to connect to RabbitMQ server: parse "amqp://<username>:<password>@<host>:<port>/<vhost>": invalid port ":<port>" after host. Retrying...
2025/11/26 22:19:50 [INFO] Attempting to connect to RabbitMQ...
2025/11/26 22:19:50 [ERROR] Failed to connect to RabbitMQ server: failed to connect to RabbitMQ server: parse "amqp://<username>:<password>@<host>:<port>/<vhost>": invalid port ":<port>" after host. Retrying...
2025/11/26 22:19:55 [INFO] Attempting to connect to RabbitMQ...
2025/11/26 22:19:55 [ERROR] Failed to connect to RabbitMQ server: failed to connect to RabbitMQ server: parse "amqp://<username>:<password>@<host>:<port>/<vhost>": invalid port ":<port>" after host. Retrying...
2025/11/26 22:20:00 [INFO] Attempting to connect to RabbitMQ...
2025/11/26 22:20:00 [ERROR] Failed to connect to RabbitMQ server: failed to connect to RabbitMQ server: parse "amqp://<username>:<password>@<host>:<port>/<vhost>": invalid port ":<port>" after host. Retrying...
2025/11/26 22:20:05 [INFO] Attempting to connect to RabbitMQ...
2025/11/26 22:20:05 [ERROR] Failed to connect to RabbitMQ server: failed to connect to RabbitMQ server: parse "amqp://<username>:<password>@<host>:<port>/<vhost>": invalid port ":<port>" after host. Retrying...
🔄🔄🔄 Attempting to connect to MongoDB...
⏳ Retrying MongoDB connection in 1m0s
2025/11/26 22:20:10 [INFO] Attempting to connect to RabbitMQ...
2025/11/26 22:20:10 [ERROR] Failed to connect to RabbitMQ server: failed to connect to RabbitMQ server: parse "amqp://<username>:<password>@<host>:<port>/<vhost>": invalid port ":<port>" after host. Retrying...
2025/11/26 22:20:15 [INFO] Attempting to connect to RabbitMQ...
2025/11/26 22:20:15 [ERROR] Failed to connect to RabbitMQ server: failed to connect to RabbitMQ server: parse "amqp://<username>:<password>@<host>:<port>/<vhost>": invalid port ":<port>" after host. Retrying...
2025/11/26 22:20:20 [INFO] Attempting to connect to RabbitMQ...
2025/11/26 22:20:20 [ERROR] Failed to connect to RabbitMQ server: failed to connect to RabbitMQ server: parse "amqp://<username>:<password>@<host>:<port>/<vhost>": invalid port ":<port>" after host. Retrying...
2025/11/26 22:20:25 [INFO] Attempting to connect to RabbitMQ...
2025/11/26 22:20:25 [ERROR] Failed to connect to RabbitMQ server: failed to connect to RabbitMQ server: parse "amqp://<username>:<password>@<host>:<port>/<vhost>": invalid port ":<port>" after host. Retrying...
2025/11/26 22:20:30 [INFO] Attempting to connect to RabbitMQ...
2025/11/26 22:20:30 [ERROR] Failed to connect to RabbitMQ server: failed to connect to RabbitMQ server: parse "amqp://<username>:<password>@<host>:<port>/<vhost>": invalid port ":<port>" after host. Retrying...
2025/11/26 22:20:35 [INFO] Attempting to connect to RabbitMQ...
2025/11/26 22:20:35 [ERROR] Failed to connect to RabbitMQ server: failed to connect to RabbitMQ server: parse "amqp://<username>:<password>@<host>:<port>/<vhost>": invalid port ":<port>" after host. Retrying...
🔄🔄🔄 Attempting to connect to MongoDB...
⏳ Retrying MongoDB connection in 1m0s
2025/11/26 22:23:33 [INFO] Attempting to connect to RabbitMQ...
2025/11/26 22:23:33 [ERROR] Failed to connect to RabbitMQ server: failed to connect to RabbitMQ server: parse "amqp://<username>:<password>@<host>:<port>/<vhost>": invalid port ":<port>" after host. Retrying...
2025/11/26 22:23:38 [INFO] Attempting to connect to RabbitMQ...
2025/11/26 22:23:38 [ERROR] Failed to connect to RabbitMQ server: failed to connect to RabbitMQ server: parse "amqp://<username>:<password>@<host>:<port>/<vhost>": invalid port ":<port>" after host. Retrying...
2025/11/26 22:23:43 [INFO] Attempting to connect to RabbitMQ...
2025/11/26 22:23:43 [ERROR] Failed to connect to RabbitMQ server: failed to connect to RabbitMQ server: parse "amqp://<username>:<password>@<host>:<port>/<vhost>": invalid port ":<port>" after host. Retrying...
2025/11/26 22:23:48 [INFO] Attempting to connect to RabbitMQ...
2025/11/26 22:23:48 [ERROR] Failed to connect to RabbitMQ server: failed to connect to RabbitMQ server: parse "amqp://<username>:<password>@<host>:<port>/<vhost>": invalid port ":<port>" after host. Retrying...
2025/11/26 22:23:53 [INFO] Attempting to connect to RabbitMQ...
2025/11/26 22:23:53 [ERROR] Failed to connect to RabbitMQ server: failed to connect to RabbitMQ server: parse "amqp://<username>:<password>@<host>:<port>/<vhost>": invalid port ":<port>" after host. Retrying...
2025/11/26 22:23:58 [INFO] Attempting to connect to RabbitMQ...
2025/11/26 22:23:58 [ERROR] Failed to connect to RabbitMQ server: failed to connect to RabbitMQ server: parse "amqp://<username>:<password>@<host>:<port>/<vhost>": invalid port ":<port>" after host. Retrying...
🔄🔄🔄 Attempting to connect to MongoDB...
⏳ Retrying MongoDB connection in 1m0s
2025/11/26 22:24:03 [INFO] Attempting to connect to RabbitMQ...
2025/11/26 22:24:03 [ERROR] Failed to connect to RabbitMQ server: failed to connect to RabbitMQ server: parse "amqp://<username>:<password>@<host>:<port>/<vhost>": invalid port ":<port>" after host. Retrying...
2025/11/26 22:24:08 [INFO] Attempting to connect to RabbitMQ...
2025/11/26 22:24:08 [ERROR] Failed to connect to RabbitMQ server: failed to connect to RabbitMQ server: parse "amqp://<username>:<password>@<host>:<port>/<vhost>": invalid port ":<port>" after host. Retrying...
2025/11/26 22:24:13 [INFO] Attempting to connect to RabbitMQ...
2025/11/26 22:24:13 [ERROR] Failed to connect to RabbitMQ server: failed to connect to RabbitMQ server: parse "amqp://<username>:<password>@<host>:<port>/<vhost>": invalid port ":<port>" after host. Retrying...
2025/11/26 22:24:18 [INFO] Attempting to connect to RabbitMQ...
2025/11/26 22:24:18 [ERROR] Failed to connect to RabbitMQ server: failed to connect to RabbitMQ server: parse "amqp://<username>:<password>@<host>:<port>/<vhost>": invalid port ":<port>" after host. Retrying...
2025/11/26 22:24:23 [INFO] Attempting to connect to RabbitMQ...
2025/11/26 22:24:23 [ERROR] Failed to connect to RabbitMQ server: failed to connect to RabbitMQ server: parse "amqp://<username>:<password>@<host>:<port>/<vhost>": invalid port ":<port>" after host. Retrying...
2025/11/26 22:24:28 [INFO] Attempting to connect to RabbitMQ...
2025/11/26 22:24:28 [ERROR] Failed to connect to RabbitMQ server: failed to connect to RabbitMQ server: parse "amqp://<username>:<password>@<host>:<port>/<vhost>": invalid port ":<port>" after host. Retrying...
🔄🔄🔄 Attempting to connect to MongoDB...
⏳ Retrying MongoDB connection in 1m0s
2025/11/26 22:24:33 [INFO] Attempting to connect to RabbitMQ...
2025/11/26 22:24:33 [ERROR] Failed to connect to RabbitMQ server: failed to connect to RabbitMQ server: parse "amqp://<username>:<password>@<host>:<port>/<vhost>": invalid port ":<port>" after host. Retrying...
2025/11/26 22:24:38 [INFO] Attempting to connect to RabbitMQ...
2025/11/26 22:24:38 [ERROR] Failed to connect to RabbitMQ server: failed to connect to RabbitMQ server: parse "amqp://<username>:<password>@<host>:<port>/<vhost>": invalid port ":<port>" after host. Retrying...
2025/11/26 22:24:43 [INFO] Attempting to connect to RabbitMQ...
2025/11/26 22:24:43 [ERROR] Failed to connect to RabbitMQ server: failed to connect to RabbitMQ server: parse "amqp://<username>:<password>@<host>:<port>/<vhost>": invalid port ":<port>" after host. Retrying...
2025/11/26 22:24:48 [INFO] Attempting to connect to RabbitMQ...
2025/11/26 22:24:48 [ERROR] Failed to connect to RabbitMQ server: failed to connect to RabbitMQ server: parse "amqp://<username>:<password>@<host>:<port>/<vhost>": invalid port ":<port>" after host. Retrying...
2025/11/26 22:24:53 [INFO] Attempting to connect to RabbitMQ...
2025/11/26 22:24:53 [ERROR] Failed to connect to RabbitMQ server: failed to connect to RabbitMQ server: parse "amqp://<username>:<password>@<host>:<port>/<vhost>": invalid port ":<port>" after host. Retrying...
2025/11/26 22:24:58 [INFO] Attempting to connect to RabbitMQ...
2025/11/26 22:24:58 [ERROR] Failed to connect to RabbitMQ server: failed to connect to RabbitMQ server: parse "amqp://<username>:<password>@<host>:<port>/<vhost>": invalid port ":<port>" after host. Retrying...
🔄🔄🔄 Attempting to connect to MongoDB...
⏳ Retrying MongoDB connection in 1m0s
2025/11/26 22:25:03 [INFO] Attempting to connect to RabbitMQ...
2025/11/26 22:25:03 [ERROR] Failed to connect to RabbitMQ server: failed to connect to RabbitMQ server: parse "amqp://<username>:<password>@<host>:<port>/<vhost>": invalid port ":<port>" after host. Retrying...
2025/11/26 22:25:08 [INFO] Attempting to connect to RabbitMQ...
2025/11/26 22:25:08 [ERROR] Failed to connect to RabbitMQ server: failed to connect to RabbitMQ server: parse "amqp://<username>:<password>@<host>:<port>/<vhost>": invalid port ":<port>" after host. Retrying...
2025/11/26 22:25:13 [INFO] Attempting to connect to RabbitMQ...
2025/11/26 22:25:13 [ERROR] Failed to connect to RabbitMQ server: failed to connect to RabbitMQ server: parse "amqp://<username>:<password>@<host>:<port>/<vhost>": invalid port ":<port>" after host. Retrying...
2025/11/26 22:25:18 [INFO] Attempting to connect to RabbitMQ...
2025/11/26 22:25:18 [ERROR] Failed to connect to RabbitMQ server: failed to connect to RabbitMQ server: parse "amqp://<username>:<password>@<host>:<port>/<vhost>": invalid port ":<port>" after host. Retrying...
2025/11/26 22:25:23 [INFO] Attempting to connect to RabbitMQ...
2025/11/26 22:25:23 [ERROR] Failed to connect to RabbitMQ server: failed to connect to RabbitMQ server: parse "amqp://<username>:<password>@<host>:<port>/<vhost>": invalid port ":<port>" after host. Retrying...
2025/11/26 22:25:28 [INFO] Attempting to connect to RabbitMQ...
2025/11/26 22:25:28 [ERROR] Failed to connect to RabbitMQ server: failed to connect to RabbitMQ server: parse "amqp://<username>:<password>@<host>:<port>/<vhost>": invalid port ":<port>" after host. Retrying...
🔄🔄🔄 Attempting to connect to MongoDB...
⏳ Retrying MongoDB connection in 1m0s
2025/11/26 22:25:33 [INFO] Attempting to connect to RabbitMQ...
2025/11/26 22:25:33 [ERROR] Failed to connect to RabbitMQ server: failed to connect to RabbitMQ server: parse "amqp://<username>:<password>@<host>:<port>/<vhost>": invalid port ":<port>" after host. Retrying...
2025/11/26 22:25:38 [INFO] Attempting to connect to RabbitMQ...
2025/11/26 22:25:38 [ERROR] Failed to connect to RabbitMQ server: failed to connect to RabbitMQ server: parse "amqp://<username>:<password>@<host>:<port>/<vhost>": invalid port ":<port>" after host. Retrying...
2025/11/26 22:25:43 [INFO] Attempting to connect to RabbitMQ...
2025/11/26 22:25:43 [ERROR] Failed to connect to RabbitMQ server: failed to connect to RabbitMQ server: parse "amqp://<username>:<password>@<host>:<port>/<vhost>": invalid port ":<port>" after host. Retrying...
2025/11/26 22:25:48 [INFO] Attempting to connect to RabbitMQ...
2025/11/26 22:25:48 [ERROR] Failed to connect to RabbitMQ server: failed to connect to RabbitMQ server: parse "amqp://<username>:<password>@<host>:<port>/<vhost>": invalid port ":<port>" after host. Retrying...
2025/11/26 22:25:53 [INFO] Attempting to connect to RabbitMQ...
2025/11/26 22:25:53 [ERROR] Failed to connect to RabbitMQ server: failed to connect to RabbitMQ server: parse "amqp://<username>:<password>@<host>:<port>/<vhost>": invalid port ":<port>" after host. Retrying...
2025/11/26 22:25:58 [INFO] Attempting to connect to RabbitMQ...
2025/11/26 22:25:58 [ERROR] Failed to connect to RabbitMQ server: failed to connect to RabbitMQ server: parse "amqp://<username>:<password>@<host>:<port>/<vhost>": invalid port ":<port>" after host. Retrying...
🔄🔄🔄 Attempting to connect to MongoDB...
⏳ Retrying MongoDB connection in 1m0s
2025/11/26 22:26:03 [INFO] Attempting to connect to RabbitMQ...
2025/11/26 22:26:03 [ERROR] Failed to connect to RabbitMQ server: failed to connect to RabbitMQ server: parse "amqp://<username>:<password>@<host>:<port>/<vhost>": invalid port ":<port>" after host. Retrying...
2025/11/26 22:26:08 [INFO] Attempting to connect to RabbitMQ...
2025/11/26 22:26:08 [ERROR] Failed to connect to RabbitMQ server: failed to connect to RabbitMQ server: parse "amqp://<username>:<password>@<host>:<port>/<vhost>": invalid port ":<port>" after host. Retrying...
2025/11/26 22:26:13 [INFO] Attempting to connect to RabbitMQ...
2025/11/26 22:26:13 [ERROR] Failed to connect to RabbitMQ server: failed to connect to RabbitMQ server: parse "amqp://<username>:<password>@<host>:<port>/<vhost>": invalid port ":<port>" after host. Retrying...
2025/11/26 22:26:18 [INFO] Attempting to connect to RabbitMQ...
2025/11/26 22:26:18 [ERROR] Failed to connect to RabbitMQ server: failed to connect to RabbitMQ server: parse "amqp://<username>:<password>@<host>:<port>/<vhost>": invalid port ":<port>" after host. Retrying...
2025/11/26 22:26:23 [INFO] Attempting to connect to RabbitMQ...
2025/11/26 22:26:23 [ERROR] Failed to connect to RabbitMQ server: failed to connect to RabbitMQ server: parse "amqp://<username>:<password>@<host>:<port>/<vhost>": invalid port ":<port>" after host. Retrying...
2025/11/26 22:26:28 [INFO] Attempting to connect to RabbitMQ...
2025/11/26 22:26:28 [ERROR] Failed to connect to RabbitMQ server: failed to connect to RabbitMQ server: parse "amqp://<username>:<password>@<host>:<port>/<vhost>": invalid port ":<port>" after host. Retrying...
🔄🔄🔄 Attempting to connect to MongoDB...
⏳ Retrying MongoDB connection in 1m0s
2025/11/26 22:26:33 [INFO] Attempting to connect to RabbitMQ...
2025/11/26 22:26:33 [ERROR] Failed to connect to RabbitMQ server: failed to connect to RabbitMQ server: parse "amqp://<username>:<password>@<host>:<port>/<vhost>": invalid port ":<port>" after host. Retrying...
2025/11/26 22:26:38 [INFO] Attempting to connect to RabbitMQ...
2025/11/26 22:26:38 [ERROR] Failed to connect to RabbitMQ server: failed to connect to RabbitMQ server: parse "amqp://<username>:<password>@<host>:<port>/<vhost>": invalid port ":<port>" after host. Retrying...
2025/11/26 22:26:43 [INFO] Attempting to connect to RabbitMQ...
2025/11/26 22:26:43 [ERROR] Failed to connect to RabbitMQ server: failed to connect to RabbitMQ server: parse "amqp://<username>:<password>@<host>:<port>/<vhost>": invalid port ":<port>" after host. Retrying...
2025/11/26 22:26:48 [INFO] Attempting to connect to RabbitMQ...
2025/11/26 22:26:48 [ERROR] Failed to connect to RabbitMQ server: failed to connect to RabbitMQ server: parse "amqp://<username>:<password>@<host>:<port>/<vhost>": invalid port ":<port>" after host. Retrying...
2025/11/26 22:26:53 [INFO] Attempting to connect to RabbitMQ...
2025/11/26 22:26:53 [ERROR] Failed to connect to RabbitMQ server: failed to connect to RabbitMQ server: parse "amqp://<username>:<password>@<host>:<port>/<vhost>": invalid port ":<port>" after host. Retrying...
2025/11/26 22:26:58 [INFO] Attempting to connect to RabbitMQ...
2025/11/26 22:26:58 [ERROR] Failed to connect to RabbitMQ server: failed to connect to RabbitMQ server: parse "amqp://<username>:<password>@<host>:<port>/<vhost>": invalid port ":<port>" after host. Retrying...
🔄🔄🔄 Attempting to connect to MongoDB...
⏳ Retrying MongoDB connection in 1m0s
2025/11/26 22:27:03 [INFO] Attempting to connect to RabbitMQ...
2025/11/26 22:27:03 [ERROR] Failed to connect to RabbitMQ server: failed to connect to RabbitMQ server: parse "amqp://<username>:<password>@<host>:<port>/<vhost>": invalid port ":<port>" after host. Retrying...
2025/11/26 22:27:08 [INFO] Attempting to connect to RabbitMQ...
2025/11/26 22:27:08 [ERROR] Failed to connect to RabbitMQ server: failed to connect to RabbitMQ server: parse "amqp://<username>:<password>@<host>:<port>/<vhost>": invalid port ":<port>" after host. Retrying...
2025/11/26 22:27:13 [INFO] Attempting to connect to RabbitMQ...
2025/11/26 22:27:13 [ERROR] Failed to connect to RabbitMQ server: failed to connect to RabbitMQ server: parse "amqp://<username>:<password>@<host>:<port>/<vhost>": invalid port ":<port>" after host. Retrying...
2025/11/26 22:27:18 [INFO] Attempting to connect to RabbitMQ...
2025/11/26 22:27:18 [ERROR] Failed to connect to RabbitMQ server: failed to connect to RabbitMQ server: parse "amqp://<username>:<password>@<host>:<port>/<vhost>": invalid port ":<port>" after host. Retrying...
2025/11/26 22:27:23 [INFO] Attempting to connect to RabbitMQ...
2025/11/26 22:27:23 [ERROR] Failed to connect to RabbitMQ server: failed to connect to RabbitMQ server: parse "amqp://<username>:<password>@<host>:<port>/<vhost>": invalid port ":<port>" after host. Retrying...
2025/11/26 22:27:28 [INFO] Attempting to connect to RabbitMQ...
2025/11/26 22:27:28 [ERROR] Failed to connect to RabbitMQ server: failed to connect to RabbitMQ server: parse "amqp://<username>:<password>@<host>:<port>/<vhost>": invalid port ":<port>" after host. Retrying...
🔄🔄🔄 Attempting to connect to MongoDB...
⏳ Retrying MongoDB connection in 1m0s
2025/11/26 22:27:33 [INFO] Attempting to connect to RabbitMQ...
2025/11/26 22:27:33 [ERROR] Failed to connect to RabbitMQ server: failed to connect to RabbitMQ server: parse "amqp://<username>:<password>@<host>:<port>/<vhost>": invalid port ":<port>" after host. Retrying...
2025/11/26 22:27:38 [INFO] Attempting to connect to RabbitMQ...
2025/11/26 22:27:38 [ERROR] Failed to connect to RabbitMQ server: failed to connect to RabbitMQ server: parse "amqp://<username>:<password>@<host>:<port>/<vhost>": invalid port ":<port>" after host. Retrying...
2025/11/26 22:27:43 [INFO] Attempting to connect to RabbitMQ...
2025/11/26 22:27:43 [ERROR] Failed to connect to RabbitMQ server: failed to connect to RabbitMQ server: parse "amqp://<username>:<password>@<host>:<port>/<vhost>": invalid port ":<port>" after host. Retrying...
2025/11/26 22:27:48 [INFO] Attempting to connect to RabbitMQ...
2025/11/26 22:27:48 [ERROR] Failed to connect to RabbitMQ server: failed to connect to RabbitMQ server: parse "amqp://<username>:<password>@<host>:<port>/<vhost>": invalid port ":<port>" after host. Retrying...
2025/11/26 22:27:53 [INFO] Attempting to connect to RabbitMQ...
2025/11/26 22:27:53 [ERROR] Failed to connect to RabbitMQ server: failed to connect to RabbitMQ server: parse "amqp://<username>:<password>@<host>:<port>/<vhost>": invalid port ":<port>" after host. Retrying...
2025/11/26 22:27:58 [INFO] Attempting to connect to RabbitMQ...
2025/11/26 22:27:58 [ERROR] Failed to connect to RabbitMQ server: failed to connect to RabbitMQ server: parse "amqp://<username>:<password>@<host>:<port>/<vhost>": invalid port ":<port>" after host. Retrying...
🔄🔄🔄 Attempting to connect to MongoDB...
⏳ Retrying MongoDB connection in 1m0s
2025/11/26 22:28:03 [INFO] Attempting to connect to RabbitMQ...
2025/11/26 22:28:03 [ERROR] Failed to connect to RabbitMQ server: failed to connect to RabbitMQ server: parse "amqp://<username>:<password>@<host>:<port>/<vhost>": invalid port ":<port>" after host. Retrying...
2025/11/26 22:28:08 [INFO] Attempting to connect to RabbitMQ...
2025/11/26 22:28:08 [ERROR] Failed to connect to RabbitMQ server: failed to connect to RabbitMQ server: parse "amqp://<username>:<password>@<host>:<port>/<vhost>": invalid port ":<port>" after host. Retrying...
2025/11/26 22:28:13 [INFO] Attempting to connect to RabbitMQ...
2025/11/26 22:28:13 [ERROR] Failed to connect to RabbitMQ server: failed to connect to RabbitMQ server: parse "amqp://<username>:<password>@<host>:<port>/<vhost>": invalid port ":<port>" after host. Retrying...
2025/11/26 22:28:18 [INFO] Attempting to connect to RabbitMQ...
2025/11/26 22:28:18 [ERROR] Failed to connect to RabbitMQ server: failed to connect to RabbitMQ server: parse "amqp://<username>:<password>@<host>:<port>/<vhost>": invalid port ":<port>" after host. Retrying...
2025/11/26 22:28:23 [INFO] Attempting to connect to RabbitMQ...
2025/11/26 22:28:23 [ERROR] Failed to connect to RabbitMQ server: failed to connect to RabbitMQ server: parse "amqp://<username>:<password>@<host>:<port>/<vhost>": invalid port ":<port>" after host. Retrying...
2025/11/26 22:28:28 [INFO] Attempting to connect to RabbitMQ...
2025/11/26 22:28:28 [ERROR] Failed to connect to RabbitMQ server: failed to connect to RabbitMQ server: parse "amqp://<username>:<password>@<host>:<port>/<vhost>": invalid port ":<port>" after host. Retrying...
🔄🔄🔄 Attempting to connect to MongoDB...
⏳ Retrying MongoDB connection in 1m0s
2025/11/26 22:28:33 [INFO] Attempting to connect to RabbitMQ...
2025/11/26 22:28:33 [ERROR] Failed to connect to RabbitMQ server: failed to connect to RabbitMQ server: parse "amqp://<username>:<password>@<host>:<port>/<vhost>": invalid port ":<port>" after host. Retrying...
2025/11/26 22:28:38 [INFO] Attempting to connect to RabbitMQ...
2025/11/26 22:28:38 [ERROR] Failed to connect to RabbitMQ server: failed to connect to RabbitMQ server: parse "amqp://<username>:<password>@<host>:<port>/<vhost>": invalid port ":<port>" after host. Retrying...
2025/11/26 22:28:43 [INFO] Attempting to connect to RabbitMQ...
2025/11/26 22:28:43 [ERROR] Failed to connect to RabbitMQ server: failed to connect to RabbitMQ server: parse "amqp://<username>:<password>@<host>:<port>/<vhost>": invalid port ":<port>" after host. Retrying...
2025/11/26 22:28:48 [INFO] Attempting to connect to RabbitMQ...
2025/11/26 22:28:48 [ERROR] Failed to connect to RabbitMQ server: failed to connect to RabbitMQ server: parse "amqp://<username>:<password>@<host>:<port>/<vhost>": invalid port ":<port>" after host. Retrying...
2025/11/26 22:28:53 [INFO] Attempting to connect to RabbitMQ...
2025/11/26 22:28:53 [ERROR] Failed to connect to RabbitMQ server: failed to connect to RabbitMQ server: parse "amqp://<username>:<password>@<host>:<port>/<vhost>": invalid port ":<port>" after host. Retrying...
2025/11/26 22:28:58 [INFO] Attempting to connect to RabbitMQ...
2025/11/26 22:28:58 [ERROR] Failed to connect to RabbitMQ server: failed to connect to RabbitMQ server: parse "amqp://<username>:<password>@<host>:<port>/<vhost>": invalid port ":<port>" after host. Retrying...
🔄🔄🔄 Attempting to connect to MongoDB...
⏳ Retrying MongoDB connection in 1m0s
2025/11/26 22:29:03 [INFO] Attempting to connect to RabbitMQ...
2025/11/26 22:29:03 [ERROR] Failed to connect to RabbitMQ server: failed to connect to RabbitMQ server: parse "amqp://<username>:<password>@<host>:<port>/<vhost>": invalid port ":<port>" after host. Retrying...
2025/11/26 22:29:08 [INFO] Attempting to connect to RabbitMQ...
2025/11/26 22:29:08 [ERROR] Failed to connect to RabbitMQ server: failed to connect to RabbitMQ server: parse "amqp://<username>:<password>@<host>:<port>/<vhost>": invalid port ":<port>" after host. Retrying...
2025/11/26 22:29:13 [INFO] Attempting to connect to RabbitMQ...
2025/11/26 22:29:13 [ERROR] Failed to connect to RabbitMQ server: failed to connect to RabbitMQ server: parse "amqp://<username>:<password>@<host>:<port>/<vhost>": invalid port ":<port>" after host. Retrying...
2025/11/26 22:29:18 [INFO] Attempting to connect to RabbitMQ...
2025/11/26 22:29:18 [ERROR] Failed to connect to RabbitMQ server: failed to connect to RabbitMQ server: parse "amqp://<username>:<password>@<host>:<port>/<vhost>": invalid port ":<port>" after host. Retrying...
2025/11/26 22:29:23 [INFO] Attempting to connect to RabbitMQ...
2025/11/26 22:29:23 [ERROR] Failed to connect to RabbitMQ server: failed to connect to RabbitMQ server: parse "amqp://<username>:<password>@<host>:<port>/<vhost>": invalid port ":<port>" after host. Retrying...
2025/11/26 22:29:28 [INFO] Attempting to connect to RabbitMQ...
2025/11/26 22:29:28 [ERROR] Failed to connect to RabbitMQ server: failed to connect to RabbitMQ server: parse "amqp://<username>:<password>@<host>:<port>/<vhost>": invalid port ":<port>" after host. Retrying...
🔄🔄🔄 Attempting to connect to MongoDB...
⏳ Retrying MongoDB connection in 1m0s
2025/11/26 22:29:33 [INFO] Attempting to connect to RabbitMQ...
2025/11/26 22:29:33 [ERROR] Failed to connect to RabbitMQ server: failed to connect to RabbitMQ server: parse "amqp://<username>:<password>@<host>:<port>/<vhost>": invalid port ":<port>" after host. Retrying...
2025/11/26 22:29:38 [INFO] Attempting to connect to RabbitMQ...
2025/11/26 22:29:38 [ERROR] Failed to connect to RabbitMQ server: failed to connect to RabbitMQ server: parse "amqp://<username>:<password>@<host>:<port>/<vhost>": invalid port ":<port>" after host. Retrying...
2025/11/26 22:29:43 [INFO] Attempting to connect to RabbitMQ...
2025/11/26 22:29:43 [ERROR] Failed to connect to RabbitMQ server: failed to connect to RabbitMQ server: parse "amqp://<username>:<password>@<host>:<port>/<vhost>": invalid port ":<port>" after host. Retrying...
2025/11/26 22:29:48 [INFO] Attempting to connect to RabbitMQ...
2025/11/26 22:29:48 [ERROR] Failed to connect to RabbitMQ server: failed to connect to RabbitMQ server: parse "amqp://<username>:<password>@<host>:<port>/<vhost>": invalid port ":<port>" after host. Retrying...
2025/11/26 22:29:53 [INFO] Attempting to connect to RabbitMQ...
2025/11/26 22:29:53 [ERROR] Failed to connect to RabbitMQ server: failed to connect to RabbitMQ server: parse "amqp://<username>:<password>@<host>:<port>/<vhost>": invalid port ":<port>" after host. Retrying...
2025/11/26 22:29:58 [INFO] Attempting to connect to RabbitMQ...
2025/11/26 22:29:58 [ERROR] Failed to connect to RabbitMQ server: failed to connect to RabbitMQ server: parse "amqp://<username>:<password>@<host>:<port>/<vhost>": invalid port ":<port>" after host. Retrying...
🔄🔄🔄 Attempting to connect to MongoDB...
⏳ Retrying MongoDB connection in 1m0s
2025/11/26 22:30:03 [INFO] Attempting to connect to RabbitMQ...
2025/11/26 22:30:03 [ERROR] Failed to connect to RabbitMQ server: failed to connect to RabbitMQ server: parse "amqp://<username>:<password>@<host>:<port>/<vhost>": invalid port ":<port>" after host. Retrying...
2025/11/26 22:30:08 [INFO] Attempting to connect to RabbitMQ...
2025/11/26 22:30:08 [ERROR] Failed to connect to RabbitMQ server: failed to connect to RabbitMQ server: parse "amqp://<username>:<password>@<host>:<port>/<vhost>": invalid port ":<port>" after host. Retrying...
2025/11/26 22:30:13 [INFO] Attempting to connect to RabbitMQ...
2025/11/26 22:30:13 [ERROR] Failed to connect to RabbitMQ server: failed to connect to RabbitMQ server: parse "amqp://<username>:<password>@<host>:<port>/<vhost>": invalid port ":<port>" after host. Retrying...
2025/11/26 22:30:18 [INFO] Attempting to connect to RabbitMQ...
2025/11/26 22:30:18 [ERROR] Failed to connect to RabbitMQ server: failed to connect to RabbitMQ server: parse "amqp://<username>:<password>@<host>:<port>/<vhost>": invalid port ":<port>" after host. Retrying...
2025/11/26 22:30:23 [INFO] Attempting to connect to RabbitMQ...
2025/11/26 22:30:23 [ERROR] Failed to connect to RabbitMQ server: failed to connect to RabbitMQ server: parse "amqp://<username>:<password>@<host>:<port>/<vhost>": invalid port ":<port>" after host. Retrying...
2025/11/26 22:30:28 [INFO] Attempting to connect to RabbitMQ...
2025/11/26 22:30:28 [ERROR] Failed to connect to RabbitMQ server: failed to connect to RabbitMQ server: parse "amqp://<username>:<password>@<host>:<port>/<vhost>": invalid port ":<port>" after host. Retrying...
🔄🔄🔄 Attempting to connect to MongoDB...
⏳ Retrying MongoDB connection in 1m0s
2025/11/26 22:30:33 [INFO] Attempting to connect to RabbitMQ...
2025/11/26 22:30:33 [ERROR] Failed to connect to RabbitMQ server: failed to connect to RabbitMQ server: parse "amqp://<username>:<password>@<host>:<port>/<vhost>": invalid port ":<port>" after host. Retrying...
2025/11/26 22:30:38 [INFO] Attempting to connect to RabbitMQ...
2025/11/26 22:30:38 [ERROR] Failed to connect to RabbitMQ server: failed to connect to RabbitMQ server: parse "amqp://<username>:<password>@<host>:<port>/<vhost>": invalid port ":<port>" after host. Retrying...
2025/11/26 22:30:43 [INFO] Attempting to connect to RabbitMQ...
2025/11/26 22:30:43 [ERROR] Failed to connect to RabbitMQ server: failed to connect to RabbitMQ server: parse "amqp://<username>:<password>@<host>:<port>/<vhost>": invalid port ":<port>" after host. Retrying...
2025/11/26 22:30:48 [INFO] Attempting to connect to RabbitMQ...
2025/11/26 22:30:48 [ERROR] Failed to connect to RabbitMQ server: failed to connect to RabbitMQ server: parse "amqp://<username>:<password>@<host>:<port>/<vhost>": invalid port ":<port>" after host. Retrying...
2025/11/26 22:30:53 [INFO] Attempting to connect to RabbitMQ...
2025/11/26 22:30:53 [ERROR] Failed to connect to RabbitMQ server: failed to connect to RabbitMQ server: parse "amqp://<username>:<password>@<host>:<port>/<vhost>": invalid port ":<port>" after host. Retrying...
2025/11/26 22:30:58 [INFO] Attempting to connect to RabbitMQ...
2025/11/26 22:30:58 [ERROR] Failed to connect to RabbitMQ server: failed to connect to RabbitMQ server: parse "amqp://<username>:<password>@<host>:<port>/<vhost>": invalid port ":<port>" after host. Retrying...
🔄🔄🔄 Attempting to connect to MongoDB...
⏳ Retrying MongoDB connection in 1m0s
2025/11/26 22:31:03 [INFO] Attempting to connect to RabbitMQ...
2025/11/26 22:31:03 [ERROR] Failed to connect to RabbitMQ server: failed to connect to RabbitMQ server: parse "amqp://<username>:<password>@<host>:<port>/<vhost>": invalid port ":<port>" after host. Retrying...
2025/11/26 22:31:08 [INFO] Attempting to connect to RabbitMQ...
2025/11/26 22:31:08 [ERROR] Failed to connect to RabbitMQ server: failed to connect to RabbitMQ server: parse "amqp://<username>:<password>@<host>:<port>/<vhost>": invalid port ":<port>" after host. Retrying...
2025/11/26 22:31:13 [INFO] Attempting to connect to RabbitMQ...
2025/11/26 22:31:13 [ERROR] Failed to connect to RabbitMQ server: failed to connect to RabbitMQ server: parse "amqp://<username>:<password>@<host>:<port>/<vhost>": invalid port ":<port>" after host. Retrying...
2025/11/26 22:31:18 [INFO] Attempting to connect to RabbitMQ...
2025/11/26 22:31:18 [ERROR] Failed to connect to RabbitMQ server: failed to connect to RabbitMQ server: parse "amqp://<username>:<password>@<host>:<port>/<vhost>": invalid port ":<port>" after host. Retrying...
2025/11/26 22:31:23 [INFO] Attempting to connect to RabbitMQ...
2025/11/26 22:31:23 [ERROR] Failed to connect to RabbitMQ server: failed to connect to RabbitMQ server: parse "amqp://<username>:<password>@<host>:<port>/<vhost>": invalid port ":<port>" after host. Retrying...
2025/11/26 22:31:28 [INFO] Attempting to connect to RabbitMQ...
2025/11/26 22:31:28 [ERROR] Failed to connect to RabbitMQ server: failed to connect to RabbitMQ server: parse "amqp://<username>:<password>@<host>:<port>/<vhost>": invalid port ":<port>" after host. Retrying...
🔄🔄🔄 Attempting to connect to MongoDB...
⏳ Retrying MongoDB connection in 1m0s
2025/11/26 22:31:33 [INFO] Attempting to connect to RabbitMQ...
2025/11/26 22:31:33 [ERROR] Failed to connect to RabbitMQ server: failed to connect to RabbitMQ server: parse "amqp://<username>:<password>@<host>:<port>/<vhost>": invalid port ":<port>" after host. Retrying...
2025/11/26 22:31:38 [INFO] Attempting to connect to RabbitMQ...
2025/11/26 22:31:38 [ERROR] Failed to connect to RabbitMQ server: failed to connect to RabbitMQ server: parse "amqp://<username>:<password>@<host>:<port>/<vhost>": invalid port ":<port>" after host. Retrying...
2025/11/26 22:31:43 [INFO] Attempting to connect to RabbitMQ...
2025/11/26 22:31:43 [ERROR] Failed to connect to RabbitMQ server: failed to connect to RabbitMQ server: parse "amqp://<username>:<password>@<host>:<port>/<vhost>": invalid port ":<port>" after host. Retrying...
2025/11/26 22:31:48 [INFO] Attempting to connect to RabbitMQ...
2025/11/26 22:31:48 [ERROR] Failed to connect to RabbitMQ server: failed to connect to RabbitMQ server: parse "amqp://<username>:<password>@<host>:<port>/<vhost>": invalid port ":<port>" after host. Retrying...
2025/11/26 22:31:53 [INFO] Attempting to connect to RabbitMQ...
2025/11/26 22:31:53 [ERROR] Failed to connect to RabbitMQ server: failed to connect to RabbitMQ server: parse "amqp://<username>:<password>@<host>:<port>/<vhost>": invalid port ":<port>" after host. Retrying...
2025/11/26 22:31:58 [INFO] Attempting to connect to RabbitMQ...
2025/11/26 22:31:58 [ERROR] Failed to connect to RabbitMQ server: failed to connect to RabbitMQ server: parse "amqp://<username>:<password>@<host>:<port>/<vhost>": invalid port ":<port>" after host. Retrying...
🔄🔄🔄 Attempting to connect to MongoDB...
⏳ Retrying MongoDB connection in 1m0s
2025/11/26 22:32:03 [INFO] Attempting to connect to RabbitMQ...
2025/11/26 22:32:03 [ERROR] Failed to connect to RabbitMQ server: failed to connect to RabbitMQ server: parse "amqp://<username>:<password>@<host>:<port>/<vhost>": invalid port ":<port>" after host. Retrying...
2025/11/26 22:32:08 [INFO] Attempting to connect to RabbitMQ...
2025/11/26 22:32:08 [ERROR] Failed to connect to RabbitMQ server: failed to connect to RabbitMQ server: parse "amqp://<username>:<password>@<host>:<port>/<vhost>": invalid port ":<port>" after host. Retrying...
2025/11/26 22:32:13 [INFO] Attempting to connect to RabbitMQ...
2025/11/26 22:32:13 [ERROR] Failed to connect to RabbitMQ server: failed to connect to RabbitMQ server: parse "amqp://<username>:<password>@<host>:<port>/<vhost>": invalid port ":<port>" after host. Retrying...
2025/11/26 22:32:18 [INFO] Attempting to connect to RabbitMQ...
2025/11/26 22:32:18 [ERROR] Failed to connect to RabbitMQ server: failed to connect to RabbitMQ server: parse "amqp://<username>:<password>@<host>:<port>/<vhost>": invalid port ":<port>" after host. Retrying...
2025/11/26 22:32:23 [INFO] Attempting to connect to RabbitMQ...
2025/11/26 22:32:23 [ERROR] Failed to connect to RabbitMQ server: failed to connect to RabbitMQ server: parse "amqp://<username>:<password>@<host>:<port>/<vhost>": invalid port ":<port>" after host. Retrying...
2025/11/26 22:32:28 [INFO] Attempting to connect to RabbitMQ...
2025/11/26 22:32:28 [ERROR] Failed to connect to RabbitMQ server: failed to connect to RabbitMQ server: parse "amqp://<username>:<password>@<host>:<port>/<vhost>": invalid port ":<port>" after host. Retrying...
🔄🔄🔄 Attempting to connect to MongoDB...
⏳ Retrying MongoDB connection in 1m0s
2025/11/26 22:32:33 [INFO] Attempting to connect to RabbitMQ...
2025/11/26 22:32:33 [ERROR] Failed to connect to RabbitMQ server: failed to connect to RabbitMQ server: parse "amqp://<username>:<password>@<host>:<port>/<vhost>": invalid port ":<port>" after host. Retrying...
2025/11/26 22:32:38 [INFO] Attempting to connect to RabbitMQ...
2025/11/26 22:32:38 [ERROR] Failed to connect to RabbitMQ server: failed to connect to RabbitMQ server: parse "amqp://<username>:<password>@<host>:<port>/<vhost>": invalid port ":<port>" after host. Retrying...
2025/11/26 22:32:43 [INFO] Attempting to connect to RabbitMQ...
2025/11/26 22:32:43 [ERROR] Failed to connect to RabbitMQ server: failed to connect to RabbitMQ server: parse "amqp://<username>:<password>@<host>:<port>/<vhost>": invalid port ":<port>" after host. Retrying...
2025/11/26 22:32:48 [INFO] Attempting to connect to RabbitMQ...
2025/11/26 22:32:48 [ERROR] Failed to connect to RabbitMQ server: failed to connect to RabbitMQ server: parse "amqp://<username>:<password>@<host>:<port>/<vhost>": invalid port ":<port>" after host. Retrying...
2025/11/26 22:32:53 [INFO] Attempting to connect to RabbitMQ...
2025/11/26 22:32:53 [ERROR] Failed to connect to RabbitMQ server: failed to connect to RabbitMQ server: parse "amqp://<username>:<password>@<host>:<port>/<vhost>": invalid port ":<port>" after host. Retrying...
2025/11/26 22:32:58 [INFO] Attempting to connect to RabbitMQ...
2025/11/26 22:32:58 [ERROR] Failed to connect to RabbitMQ server: failed to connect to RabbitMQ server: parse "amqp://<username>:<password>@<host>:<port>/<vhost>": invalid port ":<port>" after host. Retrying...
🔄🔄🔄 Attempting to connect to MongoDB...
⏳ Retrying MongoDB connection in 1m0s
2025/11/26 22:33:03 [INFO] Attempting to connect to RabbitMQ...
2025/11/26 22:33:03 [ERROR] Failed to connect to RabbitMQ server: failed to connect to RabbitMQ server: parse "amqp://<username>:<password>@<host>:<port>/<vhost>": invalid port ":<port>" after host. Retrying...
2025/11/26 22:33:08 [INFO] Attempting to connect to RabbitMQ...
2025/11/26 22:33:08 [ERROR] Failed to connect to RabbitMQ server: failed to connect to RabbitMQ server: parse "amqp://<username>:<password>@<host>:<port>/<vhost>": invalid port ":<port>" after host. Retrying...
2025/11/26 22:33:13 [INFO] Attempting to connect to RabbitMQ...
2025/11/26 22:33:13 [ERROR] Failed to connect to RabbitMQ server: failed to connect to RabbitMQ server: parse "amqp://<username>:<password>@<host>:<port>/<vhost>": invalid port ":<port>" after host. Retrying...
2025/11/26 22:33:18 [INFO] Attempting to connect to RabbitMQ...
2025/11/26 22:33:18 [ERROR] Failed to connect to RabbitMQ server: failed to connect to RabbitMQ server: parse "amqp://<username>:<password>@<host>:<port>/<vhost>": invalid port ":<port>" after host. Retrying...
2025/11/26 22:33:23 [INFO] Attempting to connect to RabbitMQ...
2025/11/26 22:33:23 [ERROR] Failed to connect to RabbitMQ server: failed to connect to RabbitMQ server: parse "amqp://<username>:<password>@<host>:<port>/<vhost>": invalid port ":<port>" after host. Retrying...
signal: killed
